p_id;rhythm;modality;variant;rep_code
1;1;1;1;1, 2
1;1;2;1;1, 2
1;1;3;3;1, 2
1;1;4;4;1, 2
1;1;5;2;1, 2
1;2;1;2;1, 3
1;2;2;4;1, 3
1;2;3;2;1, 3
1;2;4;3;1, 3
1;2;5;1;1, 3
1;3;1;2;1, 4
1;3;2;3;1, 4
1;3;3;4;1, 4
1;3;4;2;1, 4
1;3;5;1;1, 4
1;4;1;2;1, 5
1;4;2;4;1, 5
1;4;3;3;1, 5
1;4;4;1;1, 5
1;4;5;2;1, 5
1;5;1;2;2, 3
1;5;2;4;2, 3
1;5;3;4;2, 3
1;5;4;3;2, 3
1;5;5;1;2, 3
1;6;1;3;2, 4
1;6;2;2;2, 4
1;6;3;4;2, 4
1;6;4;2;2, 4
1;6;5;1;2, 4
1;7;1;1;2, 5
1;7;2;3;2, 5
1;7;3;2;2, 5
1;7;4;4;2, 5
1;7;5;3;2, 5
1;8;1;2;3, 4
1;8;2;4;3, 4
1;8;3;1;3, 4
1;8;4;1;3, 4
1;8;5;3;3, 4
1;9;1;4;3, 5
1;9;2;3;3, 5
1;9;3;1;3, 5
1;9;4;2;3, 5
1;9;5;1;3, 5
1;10;1;1;4, 5
1;10;2;3;4, 5
1;10;3;4;4, 5
1;10;4;2;4, 5
1;10;5;2;4, 5
2;1;1;1;1, 2
2;1;2;1;1, 2
2;1;3;4;1, 2
2;1;4;3;1, 2
2;1;5;2;1, 2
2;2;1;4;1, 3
2;2;2;1;1, 3
2;2;3;4;1, 3
2;2;4;3;1, 3
2;2;5;2;1, 3
2;3;1;3;1, 4
2;3;2;2;1, 4
2;3;3;1;1, 4
2;3;4;3;1, 4
2;3;5;4;1, 4
2;4;1;2;1, 5
2;4;2;4;1, 5
2;4;3;3;1, 5
2;4;4;1;1, 5
2;4;5;2;1, 5
2;5;1;2;2, 3
2;5;2;3;2, 3
2;5;3;3;2, 3
2;5;4;4;2, 3
2;5;5;1;2, 3
2;6;1;3;2, 4
2;6;2;4;2, 4
2;6;3;1;2, 4
2;6;4;4;2, 4
2;6;5;2;2, 4
2;7;1;3;2, 5
2;7;2;4;2, 5
2;7;3;2;2, 5
2;7;4;1;2, 5
2;7;5;4;2, 5
2;8;1;1;3, 4
2;8;2;3;3, 4
2;8;3;2;3, 4
2;8;4;2;3, 4
2;8;5;4;3, 4
2;9;1;3;3, 5
2;9;2;2;3, 5
2;9;3;4;3, 5
2;9;4;1;3, 5
2;9;5;4;3, 5
2;10;1;4;4, 5
2;10;2;1;4, 5
2;10;3;2;4, 5
2;10;4;3;4, 5
2;10;5;3;4, 5
3;1;1;3;1, 2
3;1;2;3;1, 2
3;1;3;2;1, 2
3;1;4;4;1, 2
3;1;5;1;1, 2
3;2;1;3;1, 3
3;2;2;2;1, 3
3;2;3;3;1, 3
3;2;4;1;1, 3
3;2;5;4;1, 3
3;3;1;4;1, 4
3;3;2;2;1, 4
3;3;3;3;1, 4
3;3;4;4;1, 4
3;3;5;1;1, 4
3;4;1;3;1, 5
3;4;2;4;1, 5
3;4;3;2;1, 5
3;4;4;1;1, 5
3;4;5;3;1, 5
3;5;1;1;2, 3
3;5;2;3;2, 3
3;5;3;3;2, 3
3;5;4;2;2, 3
3;5;5;4;2, 3
3;6;1;3;2, 4
3;6;2;2;2, 4
3;6;3;4;2, 4
3;6;4;2;2, 4
3;6;5;1;2, 4
3;7;1;2;2, 5
3;7;2;3;2, 5
3;7;3;4;2, 5
3;7;4;1;2, 5
3;7;5;3;2, 5
3;8;1;1;3, 4
3;8;2;2;3, 4
3;8;3;4;3, 4
3;8;4;4;3, 4
3;8;5;3;3, 4
3;9;1;1;3, 5
3;9;2;4;3, 5
3;9;3;3;3, 5
3;9;4;2;3, 5
3;9;5;3;3, 5
3;10;1;2;4, 5
3;10;2;1;4, 5
3;10;3;3;4, 5
3;10;4;4;4, 5
3;10;5;4;4, 5
4;1;1;2;1, 2
4;1;2;2;1, 2
4;1;3;4;1, 2
4;1;4;1;1, 2
4;1;5;3;1, 2
4;2;1;2;1, 3
4;2;2;4;1, 3
4;2;3;2;1, 3
4;2;4;1;1, 3
4;2;5;3;1, 3
4;3;1;3;1, 4
4;3;2;4;1, 4
4;3;3;2;1, 4
4;3;4;3;1, 4
4;3;5;1;1, 4
4;4;1;3;1, 5
4;4;2;4;1, 5
4;4;3;1;1, 5
4;4;4;2;1, 5
4;4;5;3;1, 5
4;5;1;2;2, 3
4;5;2;4;2, 3
4;5;3;4;2, 3
4;5;4;3;2, 3
4;5;5;1;2, 3
4;6;1;1;2, 4
4;6;2;4;2, 4
4;6;3;3;2, 4
4;6;4;4;2, 4
4;6;5;2;2, 4
4;7;1;2;2, 5
4;7;2;3;2, 5
4;7;3;1;2, 5
4;7;4;4;2, 5
4;7;5;3;2, 5
4;8;1;2;3, 4
4;8;2;3;3, 4
4;8;3;4;3, 4
4;8;4;4;3, 4
4;8;5;1;3, 4
4;9;1;3;3, 5
4;9;2;4;3, 5
4;9;3;2;3, 5
4;9;4;1;3, 5
4;9;5;2;3, 5
4;10;1;2;4, 5
4;10;2;3;4, 5
4;10;3;1;4, 5
4;10;4;4;4, 5
4;10;5;4;4, 5
5;1;1;1;1, 2
5;1;2;1;1, 2
5;1;3;2;1, 2
5;1;4;4;1, 2
5;1;5;3;1, 2
5;2;1;2;1, 3
5;2;2;3;1, 3
5;2;3;2;1, 3
5;2;4;4;1, 3
5;2;5;1;1, 3
5;3;1;4;1, 4
5;3;2;2;1, 4
5;3;3;1;1, 4
5;3;4;4;1, 4
5;3;5;3;1, 4
5;4;1;2;1, 5
5;4;2;3;1, 5
5;4;3;1;1, 5
5;4;4;4;1, 5
5;4;5;2;1, 5
5;5;1;4;2, 3
5;5;2;1;2, 3
5;5;3;1;2, 3
5;5;4;3;2, 3
5;5;5;2;2, 3
5;6;1;1;2, 4
5;6;2;2;2, 4
5;6;3;3;2, 4
5;6;4;2;2, 4
5;6;5;4;2, 4
5;7;1;4;2, 5
5;7;2;3;2, 5
5;7;3;1;2, 5
5;7;4;2;2, 5
5;7;5;3;2, 5
5;8;1;2;3, 4
5;8;2;4;3, 4
5;8;3;3;3, 4
5;8;4;3;3, 4
5;8;5;1;3, 4
5;9;1;2;3, 5
5;9;2;4;3, 5
5;9;3;3;3, 5
5;9;4;1;3, 5
5;9;5;3;3, 5
5;10;1;1;4, 5
5;10;2;3;4, 5
5;10;3;2;4, 5
5;10;4;4;4, 5
5;10;5;4;4, 5
6;1;1;1;1, 2
6;1;2;1;1, 2
6;1;3;2;1, 2
6;1;4;4;1, 2
6;1;5;3;1, 2
6;2;1;3;1, 3
6;2;2;1;1, 3
6;2;3;3;1, 3
6;2;4;2;1, 3
6;2;5;4;1, 3
6;3;1;3;1, 4
6;3;2;2;1, 4
6;3;3;1;1, 4
6;3;4;3;1, 4
6;3;5;4;1, 4
6;4;1;3;1, 5
6;4;2;4;1, 5
6;4;3;2;1, 5
6;4;4;1;1, 5
6;4;5;3;1, 5
6;5;1;2;2, 3
6;5;2;4;2, 3
6;5;3;4;2, 3
6;5;4;1;2, 3
6;5;5;3;2, 3
6;6;1;2;2, 4
6;6;2;4;2, 4
6;6;3;3;2, 4
6;6;4;4;2, 4
6;6;5;1;2, 4
6;7;1;2;2, 5
6;7;2;3;2, 5
6;7;3;4;2, 5
6;7;4;1;2, 5
6;7;5;3;2, 5
6;8;1;3;3, 4
6;8;2;2;3, 4
6;8;3;4;3, 4
6;8;4;4;3, 4
6;8;5;1;3, 4
6;9;1;3;3, 5
6;9;2;2;3, 5
6;9;3;1;3, 5
6;9;4;4;3, 5
6;9;5;1;3, 5
6;10;1;2;4, 5
6;10;2;4;4, 5
6;10;3;1;4, 5
6;10;4;3;4, 5
6;10;5;3;4, 5
7;1;1;4;1, 2
7;1;2;4;1, 2
7;1;3;2;1, 2
7;1;4;3;1, 2
7;1;5;1;1, 2
7;2;1;3;1, 3
7;2;2;1;1, 3
7;2;3;3;1, 3
7;2;4;4;1, 3
7;2;5;2;1, 3
7;3;1;2;1, 4
7;3;2;4;1, 4
7;3;3;1;1, 4
7;3;4;2;1, 4
7;3;5;3;1, 4
7;4;1;4;1, 5
7;4;2;2;1, 5
7;4;3;1;1, 5
7;4;4;3;1, 5
7;4;5;4;1, 5
7;5;1;4;2, 3
7;5;2;1;2, 3
7;5;3;1;2, 3
7;5;4;2;2, 3
7;5;5;3;2, 3
7;6;1;2;2, 4
7;6;2;4;2, 4
7;6;3;3;2, 4
7;6;4;4;2, 4
7;6;5;1;2, 4
7;7;1;4;2, 5
7;7;2;3;2, 5
7;7;3;1;2, 5
7;7;4;2;2, 5
7;7;5;3;2, 5
7;8;1;1;3, 4
7;8;2;2;3, 4
7;8;3;3;3, 4
7;8;4;3;3, 4
7;8;5;4;3, 4
7;9;1;4;3, 5
7;9;2;3;3, 5
7;9;3;2;3, 5
7;9;4;1;3, 5
7;9;5;2;3, 5
7;10;1;3;4, 5
7;10;2;2;4, 5
7;10;3;4;4, 5
7;10;4;1;4, 5
7;10;5;1;4, 5
8;1;1;1;1, 2
8;1;2;1;1, 2
8;1;3;3;1, 2
8;1;4;4;1, 2
8;1;5;2;1, 2
8;2;1;4;1, 3
8;2;2;1;1, 3
8;2;3;4;1, 3
8;2;4;2;1, 3
8;2;5;3;1, 3
8;3;1;4;1, 4
8;3;2;2;1, 4
8;3;3;1;1, 4
8;3;4;4;1, 4
8;3;5;3;1, 4
8;4;1;2;1, 5
8;4;2;1;1, 5
8;4;3;4;1, 5
8;4;4;3;1, 5
8;4;5;2;1, 5
8;5;1;1;2, 3
8;5;2;3;2, 3
8;5;3;3;2, 3
8;5;4;2;2, 3
8;5;5;4;2, 3
8;6;1;2;2, 4
8;6;2;3;2, 4
8;6;3;1;2, 4
8;6;4;3;2, 4
8;6;5;4;2, 4
8;7;1;3;2, 5
8;7;2;4;2, 5
8;7;3;2;2, 5
8;7;4;1;2, 5
8;7;5;4;2, 5
8;8;1;4;3, 4
8;8;2;1;3, 4
8;8;3;3;3, 4
8;8;4;3;3, 4
8;8;5;2;3, 4
8;9;1;4;3, 5
8;9;2;3;3, 5
8;9;3;2;3, 5
8;9;4;1;3, 5
8;9;5;2;3, 5
8;10;1;3;4, 5
8;10;2;2;4, 5
8;10;3;1;4, 5
8;10;4;4;4, 5
8;10;5;4;4, 5
9;1;1;1;1, 2
9;1;2;1;1, 2
9;1;3;4;1, 2
9;1;4;3;1, 2
9;1;5;2;1, 2
9;2;1;1;1, 3
9;2;2;4;1, 3
9;2;3;1;1, 3
9;2;4;2;1, 3
9;2;5;3;1, 3
9;3;1;2;1, 4
9;3;2;4;1, 4
9;3;3;3;1, 4
9;3;4;2;1, 4
9;3;5;1;1, 4
9;4;1;3;1, 5
9;4;2;4;1, 5
9;4;3;2;1, 5
9;4;4;1;1, 5
9;4;5;3;1, 5
9;5;1;4;2, 3
9;5;2;2;2, 3
9;5;3;2;2, 3
9;5;4;1;2, 3
9;5;5;3;2, 3
9;6;1;1;2, 4
9;6;2;3;2, 4
9;6;3;4;2, 4
9;6;4;3;2, 4
9;6;5;2;2, 4
9;7;1;2;2, 5
9;7;2;3;2, 5
9;7;3;1;2, 5
9;7;4;4;2, 5
9;7;5;3;2, 5
9;8;1;2;3, 4
9;8;2;1;3, 4
9;8;3;4;3, 4
9;8;4;4;3, 4
9;8;5;3;3, 4
9;9;1;2;3, 5
9;9;2;1;3, 5
9;9;3;3;3, 5
9;9;4;4;3, 5
9;9;5;3;3, 5
9;10;1;2;4, 5
9;10;2;3;4, 5
9;10;3;4;4, 5
9;10;4;1;4, 5
9;10;5;1;4, 5
10;1;1;3;1, 2
10;1;2;3;1, 2
10;1;3;4;1, 2
10;1;4;1;1, 2
10;1;5;2;1, 2
10;2;1;3;1, 3
10;2;2;4;1, 3
10;2;3;3;1, 3
10;2;4;2;1, 3
10;2;5;1;1, 3
10;3;1;2;1, 4
10;3;2;3;1, 4
10;3;3;4;1, 4
10;3;4;2;1, 4
10;3;5;1;1, 4
10;4;1;4;1, 5
10;4;2;3;1, 5
10;4;3;1;1, 5
10;4;4;2;1, 5
10;4;5;4;1, 5
10;5;1;3;2, 3
10;5;2;2;2, 3
10;5;3;2;2, 3
10;5;4;4;2, 3
10;5;5;1;2, 3
10;6;1;1;2, 4
10;6;2;4;2, 4
10;6;3;2;2, 4
10;6;4;4;2, 4
10;6;5;3;2, 4
10;7;1;2;2, 5
10;7;2;3;2, 5
10;7;3;4;2, 5
10;7;4;1;2, 5
10;7;5;3;2, 5
10;8;1;3;3, 4
10;8;2;4;3, 4
10;8;3;1;3, 4
10;8;4;1;3, 4
10;8;5;2;3, 4
10;9;1;1;3, 5
10;9;2;2;3, 5
10;9;3;4;3, 5
10;9;4;3;3, 5
10;9;5;4;3, 5
10;10;1;3;4, 5
10;10;2;4;4, 5
10;10;3;2;4, 5
10;10;4;1;4, 5
10;10;5;1;4, 5
11;1;1;4;1, 2
11;1;2;4;1, 2
11;1;3;2;1, 2
11;1;4;1;1, 2
11;1;5;3;1, 2
11;2;1;2;1, 3
11;2;2;4;1, 3
11;2;3;2;1, 3
11;2;4;1;1, 3
11;2;5;3;1, 3
11;3;1;1;1, 4
11;3;2;3;1, 4
11;3;3;4;1, 4
11;3;4;1;1, 4
11;3;5;2;1, 4
11;4;1;1;1, 5
11;4;2;4;1, 5
11;4;3;2;1, 5
11;4;4;3;1, 5
11;4;5;1;1, 5
11;5;1;4;2, 3
11;5;2;1;2, 3
11;5;3;1;2, 3
11;5;4;3;2, 3
11;5;5;2;2, 3
11;6;1;1;2, 4
11;6;2;3;2, 4
11;6;3;2;2, 4
11;6;4;3;2, 4
11;6;5;4;2, 4
11;7;1;3;2, 5
11;7;2;2;2, 5
11;7;3;1;2, 5
11;7;4;4;2, 5
11;7;5;2;2, 5
11;8;1;4;3, 4
11;8;2;1;3, 4
11;8;3;2;3, 4
11;8;4;2;3, 4
11;8;5;3;3, 4
11;9;1;3;3, 5
11;9;2;2;3, 5
11;9;3;4;3, 5
11;9;4;1;3, 5
11;9;5;4;3, 5
11;10;1;3;4, 5
11;10;2;2;4, 5
11;10;3;1;4, 5
11;10;4;4;4, 5
11;10;5;4;4, 5
12;1;1;1;1, 2
12;1;2;1;1, 2
12;1;3;3;1, 2
12;1;4;4;1, 2
12;1;5;2;1, 2
12;2;1;4;1, 3
12;2;2;2;1, 3
12;2;3;4;1, 3
12;2;4;1;1, 3
12;2;5;3;1, 3
12;3;1;1;1, 4
12;3;2;3;1, 4
12;3;3;4;1, 4
12;3;4;1;1, 4
12;3;5;2;1, 4
12;4;1;4;1, 5
12;4;2;3;1, 5
12;4;3;1;1, 5
12;4;4;2;1, 5
12;4;5;4;1, 5
12;5;1;3;2, 3
12;5;2;1;2, 3
12;5;3;1;2, 3
12;5;4;2;2, 3
12;5;5;4;2, 3
12;6;1;1;2, 4
12;6;2;4;2, 4
12;6;3;2;2, 4
12;6;4;4;2, 4
12;6;5;3;2, 4
12;7;1;3;2, 5
12;7;2;1;2, 5
12;7;3;4;2, 5
12;7;4;2;2, 5
12;7;5;1;2, 5
12;8;1;3;3, 4
12;8;2;2;3, 4
12;8;3;4;3, 4
12;8;4;4;3, 4
12;8;5;1;3, 4
12;9;1;2;3, 5
12;9;2;1;3, 5
12;9;3;3;3, 5
12;9;4;4;3, 5
12;9;5;3;3, 5
12;10;1;3;4, 5
12;10;2;1;4, 5
12;10;3;4;4, 5
12;10;4;2;4, 5
12;10;5;2;4, 5
13;1;1;1;1, 2
13;1;2;1;1, 2
13;1;3;4;1, 2
13;1;4;3;1, 2
13;1;5;2;1, 2
13;2;1;1;1, 3
13;2;2;3;1, 3
13;2;3;1;1, 3
13;2;4;4;1, 3
13;2;5;2;1, 3
13;3;1;4;1, 4
13;3;2;3;1, 4
13;3;3;2;1, 4
13;3;4;4;1, 4
13;3;5;1;1, 4
13;4;1;4;1, 5
13;4;2;3;1, 5
13;4;3;2;1, 5
13;4;4;1;1, 5
13;4;5;4;1, 5
13;5;1;3;2, 3
13;5;2;2;2, 3
13;5;3;2;2, 3
13;5;4;4;2, 3
13;5;5;1;2, 3
13;6;1;1;2, 4
13;6;2;2;2, 4
13;6;3;3;2, 4
13;6;4;2;2, 4
13;6;5;4;2, 4
13;7;1;1;2, 5
13;7;2;4;2, 5
13;7;3;3;2, 5
13;7;4;2;2, 5
13;7;5;4;2, 5
13;8;1;3;3, 4
13;8;2;1;3, 4
13;8;3;4;3, 4
13;8;4;4;3, 4
13;8;5;2;3, 4
13;9;1;3;3, 5
13;9;2;2;3, 5
13;9;3;1;3, 5
13;9;4;4;3, 5
13;9;5;1;3, 5
13;10;1;2;4, 5
13;10;2;4;4, 5
13;10;3;1;4, 5
13;10;4;3;4, 5
13;10;5;3;4, 5
14;1;1;4;1, 2
14;1;2;4;1, 2
14;1;3;2;1, 2
14;1;4;1;1, 2
14;1;5;3;1, 2
14;2;1;4;1, 3
14;2;2;1;1, 3
14;2;3;4;1, 3
14;2;4;2;1, 3
14;2;5;3;1, 3
14;3;1;2;1, 4
14;3;2;4;1, 4
14;3;3;1;1, 4
14;3;4;2;1, 4
14;3;5;3;1, 4
14;4;1;3;1, 5
14;4;2;4;1, 5
14;4;3;2;1, 5
14;4;4;1;1, 5
14;4;5;3;1, 5
14;5;1;3;2, 3
14;5;2;2;2, 3
14;5;3;2;2, 3
14;5;4;1;2, 3
14;5;5;4;2, 3
14;6;1;2;2, 4
14;6;2;3;2, 4
14;6;3;4;2, 4
14;6;4;3;2, 4
14;6;5;1;2, 4
14;7;1;3;2, 5
14;7;2;1;2, 5
14;7;3;4;2, 5
14;7;4;2;2, 5
14;7;5;1;2, 5
14;8;1;2;3, 4
14;8;2;1;3, 4
14;8;3;3;3, 4
14;8;4;3;3, 4
14;8;5;4;3, 4
14;9;1;3;3, 5
14;9;2;2;3, 5
14;9;3;1;3, 5
14;9;4;4;3, 5
14;9;5;1;3, 5
14;10;1;4;4, 5
14;10;2;2;4, 5
14;10;3;1;4, 5
14;10;4;3;4, 5
14;10;5;3;4, 5
15;1;1;4;1, 2
15;1;2;4;1, 2
15;1;3;2;1, 2
15;1;4;1;1, 2
15;1;5;3;1, 2
15;2;1;4;1, 3
15;2;2;2;1, 3
15;2;3;4;1, 3
15;2;4;1;1, 3
15;2;5;3;1, 3
15;3;1;1;1, 4
15;3;2;3;1, 4
15;3;3;2;1, 4
15;3;4;1;1, 4
15;3;5;4;1, 4
15;4;1;3;1, 5
15;4;2;4;1, 5
15;4;3;1;1, 5
15;4;4;2;1, 5
15;4;5;3;1, 5
15;5;1;2;2, 3
15;5;2;3;2, 3
15;5;3;3;2, 3
15;5;4;1;2, 3
15;5;5;4;2, 3
15;6;1;1;2, 4
15;6;2;2;2, 4
15;6;3;4;2, 4
15;6;4;2;2, 4
15;6;5;3;2, 4
15;7;1;4;2, 5
15;7;2;1;2, 5
15;7;3;2;2, 5
15;7;4;3;2, 5
15;7;5;1;2, 5
15;8;1;4;3, 4
15;8;2;1;3, 4
15;8;3;3;3, 4
15;8;4;3;3, 4
15;8;5;2;3, 4
15;9;1;4;3, 5
15;9;2;1;3, 5
15;9;3;3;3, 5
15;9;4;2;3, 5
15;9;5;3;3, 5
15;10;1;2;4, 5
15;10;2;3;4, 5
15;10;3;1;4, 5
15;10;4;4;4, 5
15;10;5;4;4, 5
16;1;1;1;1, 2
16;1;2;1;1, 2
16;1;3;2;1, 2
16;1;4;3;1, 2
16;1;5;4;1, 2
16;2;1;2;1, 3
16;2;2;1;1, 3
16;2;3;2;1, 3
16;2;4;4;1, 3
16;2;5;3;1, 3
16;3;1;2;1, 4
16;3;2;4;1, 4
16;3;3;3;1, 4
16;3;4;2;1, 4
16;3;5;1;1, 4
16;4;1;4;1, 5
16;4;2;1;1, 5
16;4;3;2;1, 5
16;4;4;3;1, 5
16;4;5;4;1, 5
16;5;1;4;2, 3
16;5;2;1;2, 3
16;5;3;1;2, 3
16;5;4;3;2, 3
16;5;5;2;2, 3
16;6;1;4;2, 4
16;6;2;3;2, 4
16;6;3;2;2, 4
16;6;4;3;2, 4
16;6;5;1;2, 4
16;7;1;2;2, 5
16;7;2;1;2, 5
16;7;3;3;2, 5
16;7;4;4;2, 5
16;7;5;1;2, 5
16;8;1;1;3, 4
16;8;2;3;3, 4
16;8;3;2;3, 4
16;8;4;2;3, 4
16;8;5;4;3, 4
16;9;1;1;3, 5
16;9;2;3;3, 5
16;9;3;2;3, 5
16;9;4;4;3, 5
16;9;5;2;3, 5
16;10;1;4;4, 5
16;10;2;2;4, 5
16;10;3;3;4, 5
16;10;4;1;4, 5
16;10;5;1;4, 5
17;1;1;2;1, 2
17;1;2;2;1, 2
17;1;3;3;1, 2
17;1;4;1;1, 2
17;1;5;4;1, 2
17;2;1;2;1, 3
17;2;2;3;1, 3
17;2;3;2;1, 3
17;2;4;4;1, 3
17;2;5;1;1, 3
17;3;1;1;1, 4
17;3;2;4;1, 4
17;3;3;3;1, 4
17;3;4;1;1, 4
17;3;5;2;1, 4
17;4;1;1;1, 5
17;4;2;3;1, 5
17;4;3;4;1, 5
17;4;4;2;1, 5
17;4;5;1;1, 5
17;5;1;1;2, 3
17;5;2;2;2, 3
17;5;3;2;2, 3
17;5;4;3;2, 3
17;5;5;4;2, 3
17;6;1;1;2, 4
17;6;2;4;2, 4
17;6;3;2;2, 4
17;6;4;4;2, 4
17;6;5;3;2, 4
17;7;1;2;2, 5
17;7;2;3;2, 5
17;7;3;4;2, 5
17;7;4;1;2, 5
17;7;5;3;2, 5
17;8;1;1;3, 4
17;8;2;3;3, 4
17;8;3;4;3, 4
17;8;4;4;3, 4
17;8;5;2;3, 4
17;9;1;2;3, 5
17;9;2;4;3, 5
17;9;3;3;3, 5
17;9;4;1;3, 5
17;9;5;3;3, 5
17;10;1;4;4, 5
17;10;2;3;4, 5
17;10;3;2;4, 5
17;10;4;1;4, 5
17;10;5;1;4, 5
18;1;1;1;1, 2
18;1;2;1;1, 2
18;1;3;2;1, 2
18;1;4;3;1, 2
18;1;5;4;1, 2
18;2;1;2;1, 3
18;2;2;1;1, 3
18;2;3;2;1, 3
18;2;4;4;1, 3
18;2;5;3;1, 3
18;3;1;1;1, 4
18;3;2;3;1, 4
18;3;3;4;1, 4
18;3;4;1;1, 4
18;3;5;2;1, 4
18;4;1;3;1, 5
18;4;2;1;1, 5
18;4;3;2;1, 5
18;4;4;4;1, 5
18;4;5;3;1, 5
18;5;1;3;2, 3
18;5;2;4;2, 3
18;5;3;4;2, 3
18;5;4;1;2, 3
18;5;5;2;2, 3
18;6;1;2;2, 4
18;6;2;4;2, 4
18;6;3;1;2, 4
18;6;4;4;2, 4
18;6;5;3;2, 4
18;7;1;1;2, 5
18;7;2;3;2, 5
18;7;3;4;2, 5
18;7;4;2;2, 5
18;7;5;3;2, 5
18;8;1;2;3, 4
18;8;2;4;3, 4
18;8;3;3;3, 4
18;8;4;3;3, 4
18;8;5;1;3, 4
18;9;1;4;3, 5
18;9;2;1;3, 5
18;9;3;3;3, 5
18;9;4;2;3, 5
18;9;5;3;3, 5
18;10;1;2;4, 5
18;10;2;3;4, 5
18;10;3;1;4, 5
18;10;4;4;4, 5
18;10;5;4;4, 5
19;1;1;4;1, 2
19;1;2;4;1, 2
19;1;3;3;1, 2
19;1;4;1;1, 2
19;1;5;2;1, 2
19;2;1;2;1, 3
19;2;2;4;1, 3
19;2;3;2;1, 3
19;2;4;3;1, 3
19;2;5;1;1, 3
19;3;1;4;1, 4
19;3;2;2;1, 4
19;3;3;1;1, 4
19;3;4;4;1, 4
19;3;5;3;1, 4
19;4;1;3;1, 5
19;4;2;2;1, 5
19;4;3;1;1, 5
19;4;4;4;1, 5
19;4;5;3;1, 5
19;5;1;3;2, 3
19;5;2;2;2, 3
19;5;3;2;2, 3
19;5;4;4;2, 3
19;5;5;1;2, 3
19;6;1;3;2, 4
19;6;2;1;2, 4
19;6;3;2;2, 4
19;6;4;1;2, 4
19;6;5;4;2, 4
19;7;1;1;2, 5
19;7;2;3;2, 5
19;7;3;2;2, 5
19;7;4;4;2, 5
19;7;5;3;2, 5
19;8;1;3;3, 4
19;8;2;1;3, 4
19;8;3;2;3, 4
19;8;4;2;3, 4
19;8;5;4;3, 4
19;9;1;2;3, 5
19;9;2;1;3, 5
19;9;3;3;3, 5
19;9;4;4;3, 5
19;9;5;3;3, 5
19;10;1;4;4, 5
19;10;2;3;4, 5
19;10;3;2;4, 5
19;10;4;1;4, 5
19;10;5;1;4, 5
20;1;1;2;1, 2
20;1;2;2;1, 2
20;1;3;1;1, 2
20;1;4;3;1, 2
20;1;5;4;1, 2
20;2;1;3;1, 3
20;2;2;4;1, 3
20;2;3;3;1, 3
20;2;4;2;1, 3
20;2;5;1;1, 3
20;3;1;2;1, 4
20;3;2;3;1, 4
20;3;3;4;1, 4
20;3;4;2;1, 4
20;3;5;1;1, 4
20;4;1;3;1, 5
20;4;2;2;1, 5
20;4;3;4;1, 5
20;4;4;1;1, 5
20;4;5;3;1, 5
20;5;1;2;2, 3
20;5;2;4;2, 3
20;5;3;4;2, 3
20;5;4;3;2, 3
20;5;5;1;2, 3
20;6;1;3;2, 4
20;6;2;1;2, 4
20;6;3;2;2, 4
20;6;4;1;2, 4
20;6;5;4;2, 4
20;7;1;4;2, 5
20;7;2;3;2, 5
20;7;3;2;2, 5
20;7;4;1;2, 5
20;7;5;3;2, 5
20;8;1;3;3, 4
20;8;2;2;3, 4
20;8;3;1;3, 4
20;8;4;1;3, 4
20;8;5;4;3, 4
20;9;1;3;3, 5
20;9;2;2;3, 5
20;9;3;1;3, 5
20;9;4;4;3, 5
20;9;5;1;3, 5
20;10;1;2;4, 5
20;10;2;4;4, 5
20;10;3;1;4, 5
20;10;4;3;4, 5
20;10;5;3;4, 5
21;1;1;2;1, 2
21;1;2;2;1, 2
21;1;3;1;1, 2
21;1;4;3;1, 2
21;1;5;4;1, 2
21;2;1;4;1, 3
21;2;2;2;1, 3
21;2;3;4;1, 3
21;2;4;3;1, 3
21;2;5;1;1, 3
21;3;1;1;1, 4
21;3;2;3;1, 4
21;3;3;4;1, 4
21;3;4;1;1, 4
21;3;5;2;1, 4
21;4;1;3;1, 5
21;4;2;2;1, 5
21;4;3;1;1, 5
21;4;4;4;1, 5
21;4;5;3;1, 5
21;5;1;4;2, 3
21;5;2;3;2, 3
21;5;3;3;2, 3
21;5;4;1;2, 3
21;5;5;2;2, 3
21;6;1;2;2, 4
21;6;2;3;2, 4
21;6;3;4;2, 4
21;6;4;3;2, 4
21;6;5;1;2, 4
21;7;1;3;2, 5
21;7;2;2;2, 5
21;7;3;1;2, 5
21;7;4;4;2, 5
21;7;5;2;2, 5
21;8;1;3;3, 4
21;8;2;4;3, 4
21;8;3;1;3, 4
21;8;4;1;3, 4
21;8;5;2;3, 4
21;9;1;2;3, 5
21;9;2;1;3, 5
21;9;3;3;3, 5
21;9;4;4;3, 5
21;9;5;3;3, 5
21;10;1;2;4, 5
21;10;2;4;4, 5
21;10;3;3;4, 5
21;10;4;1;4, 5
21;10;5;1;4, 5
22;1;1;1;1, 2
22;1;2;1;1, 2
22;1;3;3;1, 2
22;1;4;2;1, 2
22;1;5;4;1, 2
22;2;1;3;1, 3
22;2;2;2;1, 3
22;2;3;3;1, 3
22;2;4;1;1, 3
22;2;5;4;1, 3
22;3;1;2;1, 4
22;3;2;3;1, 4
22;3;3;4;1, 4
22;3;4;2;1, 4
22;3;5;1;1, 4
22;4;1;4;1, 5
22;4;2;3;1, 5
22;4;3;1;1, 5
22;4;4;2;1, 5
22;4;5;4;1, 5
22;5;1;1;2, 3
22;5;2;4;2, 3
22;5;3;4;2, 3
22;5;4;3;2, 3
22;5;5;2;2, 3
22;6;1;1;2, 4
22;6;2;2;2, 4
22;6;3;3;2, 4
22;6;4;2;2, 4
22;6;5;4;2, 4
22;7;1;3;2, 5
22;7;2;2;2, 5
22;7;3;1;2, 5
22;7;4;4;2, 5
22;7;5;2;2, 5
22;8;1;4;3, 4
22;8;2;1;3, 4
22;8;3;2;3, 4
22;8;4;2;3, 4
22;8;5;3;3, 4
22;9;1;2;3, 5
22;9;2;4;3, 5
22;9;3;1;3, 5
22;9;4;3;3, 5
22;9;5;1;3, 5
22;10;1;1;4, 5
22;10;2;4;4, 5
22;10;3;2;4, 5
22;10;4;3;4, 5
22;10;5;3;4, 5
23;1;1;1;1, 2
23;1;2;1;1, 2
23;1;3;4;1, 2
23;1;4;3;1, 2
23;1;5;2;1, 2
23;2;1;3;1, 3
23;2;2;1;1, 3
23;2;3;3;1, 3
23;2;4;4;1, 3
23;2;5;2;1, 3
23;3;1;3;1, 4
23;3;2;4;1, 4
23;3;3;2;1, 4
23;3;4;3;1, 4
23;3;5;1;1, 4
23;4;1;1;1, 5
23;4;2;2;1, 5
23;4;3;3;1, 5
23;4;4;4;1, 5
23;4;5;1;1, 5
23;5;1;2;2, 3
23;5;2;4;2, 3
23;5;3;4;2, 3
23;5;4;1;2, 3
23;5;5;3;2, 3
23;6;1;4;2, 4
23;6;2;2;2, 4
23;6;3;3;2, 4
23;6;4;2;2, 4
23;6;5;1;2, 4
23;7;1;1;2, 5
23;7;2;3;2, 5
23;7;3;4;2, 5
23;7;4;2;2, 5
23;7;5;3;2, 5
23;8;1;1;3, 4
23;8;2;3;3, 4
23;8;3;2;3, 4
23;8;4;2;3, 4
23;8;5;4;3, 4
23;9;1;1;3, 5
23;9;2;2;3, 5
23;9;3;3;3, 5
23;9;4;4;3, 5
23;9;5;3;3, 5
23;10;1;3;4, 5
23;10;2;2;4, 5
23;10;3;4;4, 5
23;10;4;1;4, 5
23;10;5;1;4, 5
24;1;1;4;1, 2
24;1;2;4;1, 2
24;1;3;2;1, 2
24;1;4;1;1, 2
24;1;5;3;1, 2
24;2;1;1;1, 3
24;2;2;3;1, 3
24;2;3;1;1, 3
24;2;4;2;1, 3
24;2;5;4;1, 3
24;3;1;3;1, 4
24;3;2;2;1, 4
24;3;3;4;1, 4
24;3;4;3;1, 4
24;3;5;1;1, 4
24;4;1;1;1, 5
24;4;2;3;1, 5
24;4;3;2;1, 5
24;4;4;4;1, 5
24;4;5;1;1, 5
24;5;1;3;2, 3
24;5;2;2;2, 3
24;5;3;2;2, 3
24;5;4;1;2, 3
24;5;5;4;2, 3
24;6;1;2;2, 4
24;6;2;4;2, 4
24;6;3;3;2, 4
24;6;4;4;2, 4
24;6;5;1;2, 4
24;7;1;3;2, 5
24;7;2;1;2, 5
24;7;3;4;2, 5
24;7;4;2;2, 5
24;7;5;1;2, 5
24;8;1;4;3, 4
24;8;2;3;3, 4
24;8;3;1;3, 4
24;8;4;1;3, 4
24;8;5;2;3, 4
24;9;1;1;3, 5
24;9;2;3;3, 5
24;9;3;4;3, 5
24;9;4;2;3, 5
24;9;5;4;3, 5
24;10;1;1;4, 5
24;10;2;2;4, 5
24;10;3;3;4, 5
24;10;4;4;4, 5
24;10;5;4;4, 5
25;1;1;3;1, 2
25;1;2;3;1, 2
25;1;3;1;1, 2
25;1;4;2;1, 2
25;1;5;4;1, 2
25;2;1;1;1, 3
25;2;2;3;1, 3
25;2;3;1;1, 3
25;2;4;2;1, 3
25;2;5;4;1, 3
25;3;1;2;1, 4
25;3;2;4;1, 4
25;3;3;3;1, 4
25;3;4;2;1, 4
25;3;5;1;1, 4
25;4;1;4;1, 5
25;4;2;1;1, 5
25;4;3;3;1, 5
25;4;4;2;1, 5
25;4;5;4;1, 5
25;5;1;2;2, 3
25;5;2;1;2, 3
25;5;3;1;2, 3
25;5;4;4;2, 3
25;5;5;3;2, 3
25;6;1;4;2, 4
25;6;2;2;2, 4
25;6;3;1;2, 4
25;6;4;2;2, 4
25;6;5;3;2, 4
25;7;1;3;2, 5
25;7;2;1;2, 5
25;7;3;2;2, 5
25;7;4;4;2, 5
25;7;5;1;2, 5
25;8;1;2;3, 4
25;8;2;1;3, 4
25;8;3;3;3, 4
25;8;4;3;3, 4
25;8;5;4;3, 4
25;9;1;3;3, 5
25;9;2;1;3, 5
25;9;3;2;3, 5
25;9;4;4;3, 5
25;9;5;2;3, 5
25;10;1;4;4, 5
25;10;2;1;4, 5
25;10;3;2;4, 5
25;10;4;3;4, 5
25;10;5;3;4, 5
26;1;1;2;1, 2
26;1;2;2;1, 2
26;1;3;4;1, 2
26;1;4;3;1, 2
26;1;5;1;1, 2
26;2;1;1;1, 3
26;2;2;2;1, 3
26;2;3;1;1, 3
26;2;4;3;1, 3
26;2;5;4;1, 3
26;3;1;4;1, 4
26;3;2;2;1, 4
26;3;3;1;1, 4
26;3;4;4;1, 4
26;3;5;3;1, 4
26;4;1;2;1, 5
26;4;2;1;1, 5
26;4;3;4;1, 5
26;4;4;3;1, 5
26;4;5;2;1, 5
26;5;1;2;2, 3
26;5;2;3;2, 3
26;5;3;3;2, 3
26;5;4;4;2, 3
26;5;5;1;2, 3
26;6;1;3;2, 4
26;6;2;4;2, 4
26;6;3;2;2, 4
26;6;4;4;2, 4
26;6;5;1;2, 4
26;7;1;4;2, 5
26;7;2;2;2, 5
26;7;3;1;2, 5
26;7;4;3;2, 5
26;7;5;2;2, 5
26;8;1;2;3, 4
26;8;2;4;3, 4
26;8;3;3;3, 4
26;8;4;3;3, 4
26;8;5;1;3, 4
26;9;1;2;3, 5
26;9;2;4;3, 5
26;9;3;1;3, 5
26;9;4;3;3, 5
26;9;5;1;3, 5
26;10;1;3;4, 5
26;10;2;2;4, 5
26;10;3;1;4, 5
26;10;4;4;4, 5
26;10;5;4;4, 5
27;1;1;3;1, 2
27;1;2;3;1, 2
27;1;3;2;1, 2
27;1;4;1;1, 2
27;1;5;4;1, 2
27;2;1;1;1, 3
27;2;2;4;1, 3
27;2;3;1;1, 3
27;2;4;2;1, 3
27;2;5;3;1, 3
27;3;1;4;1, 4
27;3;2;2;1, 4
27;3;3;1;1, 4
27;3;4;4;1, 4
27;3;5;3;1, 4
27;4;1;1;1, 5
27;4;2;2;1, 5
27;4;3;3;1, 5
27;4;4;4;1, 5
27;4;5;1;1, 5
27;5;1;4;2, 3
27;5;2;3;2, 3
27;5;3;3;2, 3
27;5;4;1;2, 3
27;5;5;2;2, 3
27;6;1;3;2, 4
27;6;2;2;2, 4
27;6;3;1;2, 4
27;6;4;2;2, 4
27;6;5;4;2, 4
27;7;1;3;2, 5
27;7;2;2;2, 5
27;7;3;4;2, 5
27;7;4;1;2, 5
27;7;5;2;2, 5
27;8;1;2;3, 4
27;8;2;1;3, 4
27;8;3;3;3, 4
27;8;4;3;3, 4
27;8;5;4;3, 4
27;9;1;4;3, 5
27;9;2;1;3, 5
27;9;3;3;3, 5
27;9;4;2;3, 5
27;9;5;3;3, 5
27;10;1;4;4, 5
27;10;2;1;4, 5
27;10;3;3;4, 5
27;10;4;2;4, 5
27;10;5;2;4, 5
28;1;1;4;1, 2
28;1;2;4;1, 2
28;1;3;2;1, 2
28;1;4;1;1, 2
28;1;5;3;1, 2
28;2;1;4;1, 3
28;2;2;3;1, 3
28;2;3;4;1, 3
28;2;4;1;1, 3
28;2;5;2;1, 3
28;3;1;2;1, 4
28;3;2;3;1, 4
28;3;3;4;1, 4
28;3;4;2;1, 4
28;3;5;1;1, 4
28;4;1;2;1, 5
28;4;2;1;1, 5
28;4;3;3;1, 5
28;4;4;4;1, 5
28;4;5;2;1, 5
28;5;1;2;2, 3
28;5;2;1;2, 3
28;5;3;1;2, 3
28;5;4;4;2, 3
28;5;5;3;2, 3
28;6;1;2;2, 4
28;6;2;4;2, 4
28;6;3;3;2, 4
28;6;4;4;2, 4
28;6;5;1;2, 4
28;7;1;1;2, 5
28;7;2;4;2, 5
28;7;3;2;2, 5
28;7;4;3;2, 5
28;7;5;4;2, 5
28;8;1;4;3, 4
28;8;2;3;3, 4
28;8;3;2;3, 4
28;8;4;2;3, 4
28;8;5;1;3, 4
28;9;1;3;3, 5
28;9;2;4;3, 5
28;9;3;2;3, 5
28;9;4;1;3, 5
28;9;5;2;3, 5
28;10;1;1;4, 5
28;10;2;3;4, 5
28;10;3;4;4, 5
28;10;4;2;4, 5
28;10;5;2;4, 5
29;1;1;1;1, 2
29;1;2;1;1, 2
29;1;3;2;1, 2
29;1;4;3;1, 2
29;1;5;4;1, 2
29;2;1;4;1, 3
29;2;2;3;1, 3
29;2;3;4;1, 3
29;2;4;1;1, 3
29;2;5;2;1, 3
29;3;1;2;1, 4
29;3;2;4;1, 4
29;3;3;1;1, 4
29;3;4;2;1, 4
29;3;5;3;1, 4
29;4;1;3;1, 5
29;4;2;2;1, 5
29;4;3;4;1, 5
29;4;4;1;1, 5
29;4;5;3;1, 5
29;5;1;1;2, 3
29;5;2;4;2, 3
29;5;3;4;2, 3
29;5;4;2;2, 3
29;5;5;3;2, 3
29;6;1;3;2, 4
29;6;2;2;2, 4
29;6;3;1;2, 4
29;6;4;2;2, 4
29;6;5;4;2, 4
29;7;1;3;2, 5
29;7;2;1;2, 5
29;7;3;2;2, 5
29;7;4;4;2, 5
29;7;5;1;2, 5
29;8;1;3;3, 4
29;8;2;1;3, 4
29;8;3;2;3, 4
29;8;4;2;3, 4
29;8;5;4;3, 4
29;9;1;1;3, 5
29;9;2;3;3, 5
29;9;3;2;3, 5
29;9;4;4;3, 5
29;9;5;2;3, 5
29;10;1;4;4, 5
29;10;2;1;4, 5
29;10;3;3;4, 5
29;10;4;2;4, 5
29;10;5;2;4, 5
30;1;1;3;1, 2
30;1;2;3;1, 2
30;1;3;4;1, 2
30;1;4;2;1, 2
30;1;5;1;1, 2
30;2;1;4;1, 3
30;2;2;2;1, 3
30;2;3;4;1, 3
30;2;4;3;1, 3
30;2;5;1;1, 3
30;3;1;4;1, 4
30;3;2;1;1, 4
30;3;3;2;1, 4
30;3;4;4;1, 4
30;3;5;3;1, 4
30;4;1;3;1, 5
30;4;2;4;1, 5
30;4;3;2;1, 5
30;4;4;1;1, 5
30;4;5;3;1, 5
30;5;1;1;2, 3
30;5;2;2;2, 3
30;5;3;2;2, 3
30;5;4;3;2, 3
30;5;5;4;2, 3
30;6;1;2;2, 4
30;6;2;4;2, 4
30;6;3;3;2, 4
30;6;4;4;2, 4
30;6;5;1;2, 4
30;7;1;2;2, 5
30;7;2;3;2, 5
30;7;3;1;2, 5
30;7;4;4;2, 5
30;7;5;3;2, 5
30;8;1;1;3, 4
30;8;2;3;3, 4
30;8;3;4;3, 4
30;8;4;4;3, 4
30;8;5;2;3, 4
30;9;1;4;3, 5
30;9;2;2;3, 5
30;9;3;3;3, 5
30;9;4;1;3, 5
30;9;5;3;3, 5
30;10;1;3;4, 5
30;10;2;1;4, 5
30;10;3;2;4, 5
30;10;4;4;4, 5
30;10;5;4;4, 5
31;1;1;3;1, 2
31;1;2;3;1, 2
31;1;3;2;1, 2
31;1;4;4;1, 2
31;1;5;1;1, 2
31;2;1;2;1, 3
31;2;2;1;1, 3
31;2;3;2;1, 3
31;2;4;4;1, 3
31;2;5;3;1, 3
31;3;1;2;1, 4
31;3;2;3;1, 4
31;3;3;4;1, 4
31;3;4;2;1, 4
31;3;5;1;1, 4
31;4;1;2;1, 5
31;4;2;3;1, 5
31;4;3;1;1, 5
31;4;4;4;1, 5
31;4;5;2;1, 5
31;5;1;4;2, 3
31;5;2;3;2, 3
31;5;3;3;2, 3
31;5;4;2;2, 3
31;5;5;1;2, 3
31;6;1;3;2, 4
31;6;2;1;2, 4
31;6;3;4;2, 4
31;6;4;1;2, 4
31;6;5;2;2, 4
31;7;1;4;2, 5
31;7;2;3;2, 5
31;7;3;2;2, 5
31;7;4;1;2, 5
31;7;5;3;2, 5
31;8;1;3;3, 4
31;8;2;4;3, 4
31;8;3;1;3, 4
31;8;4;1;3, 4
31;8;5;2;3, 4
31;9;1;4;3, 5
31;9;2;1;3, 5
31;9;3;2;3, 5
31;9;4;3;3, 5
31;9;5;2;3, 5
31;10;1;4;4, 5
31;10;2;2;4, 5
31;10;3;3;4, 5
31;10;4;1;4, 5
31;10;5;1;4, 5
32;1;1;3;1, 2
32;1;2;3;1, 2
32;1;3;4;1, 2
32;1;4;1;1, 2
32;1;5;2;1, 2
32;2;1;4;1, 3
32;2;2;3;1, 3
32;2;3;4;1, 3
32;2;4;1;1, 3
32;2;5;2;1, 3
32;3;1;3;1, 4
32;3;2;2;1, 4
32;3;3;1;1, 4
32;3;4;3;1, 4
32;3;5;4;1, 4
32;4;1;2;1, 5
32;4;2;1;1, 5
32;4;3;4;1, 5
32;4;4;3;1, 5
32;4;5;2;1, 5
32;5;1;2;2, 3
32;5;2;1;2, 3
32;5;3;1;2, 3
32;5;4;3;2, 3
32;5;5;4;2, 3
32;6;1;2;2, 4
32;6;2;1;2, 4
32;6;3;3;2, 4
32;6;4;1;2, 4
32;6;5;4;2, 4
32;7;1;1;2, 5
32;7;2;2;2, 5
32;7;3;4;2, 5
32;7;4;3;2, 5
32;7;5;2;2, 5
32;8;1;3;3, 4
32;8;2;2;3, 4
32;8;3;4;3, 4
32;8;4;4;3, 4
32;8;5;1;3, 4
32;9;1;3;3, 5
32;9;2;2;3, 5
32;9;3;4;3, 5
32;9;4;1;3, 5
32;9;5;4;3, 5
32;10;1;4;4, 5
32;10;2;3;4, 5
32;10;3;2;4, 5
32;10;4;1;4, 5
32;10;5;1;4, 5
33;1;1;4;1, 2
33;1;2;4;1, 2
33;1;3;3;1, 2
33;1;4;1;1, 2
33;1;5;2;1, 2
33;2;1;4;1, 3
33;2;2;2;1, 3
33;2;3;4;1, 3
33;2;4;1;1, 3
33;2;5;3;1, 3
33;3;1;2;1, 4
33;3;2;1;1, 4
33;3;3;4;1, 4
33;3;4;2;1, 4
33;3;5;3;1, 4
33;4;1;1;1, 5
33;4;2;3;1, 5
33;4;3;2;1, 5
33;4;4;4;1, 5
33;4;5;1;1, 5
33;5;1;4;2, 3
33;5;2;3;2, 3
33;5;3;3;2, 3
33;5;4;1;2, 3
33;5;5;2;2, 3
33;6;1;4;2, 4
33;6;2;3;2, 4
33;6;3;1;2, 4
33;6;4;3;2, 4
33;6;5;2;2, 4
33;7;1;1;2, 5
33;7;2;4;2, 5
33;7;3;3;2, 5
33;7;4;2;2, 5
33;7;5;4;2, 5
33;8;1;3;3, 4
33;8;2;1;3, 4
33;8;3;2;3, 4
33;8;4;2;3, 4
33;8;5;4;3, 4
33;9;1;1;3, 5
33;9;2;2;3, 5
33;9;3;4;3, 5
33;9;4;3;3, 5
33;9;5;4;3, 5
33;10;1;4;4, 5
33;10;2;1;4, 5
33;10;3;2;4, 5
33;10;4;3;4, 5
33;10;5;3;4, 5
34;1;1;4;1, 2
34;1;2;4;1, 2
34;1;3;1;1, 2
34;1;4;3;1, 2
34;1;5;2;1, 2
34;2;1;4;1, 3
34;2;2;3;1, 3
34;2;3;4;1, 3
34;2;4;2;1, 3
34;2;5;1;1, 3
34;3;1;4;1, 4
34;3;2;3;1, 4
34;3;3;1;1, 4
34;3;4;4;1, 4
34;3;5;2;1, 4
34;4;1;2;1, 5
34;4;2;3;1, 5
34;4;3;4;1, 5
34;4;4;1;1, 5
34;4;5;2;1, 5
34;5;1;4;2, 3
34;5;2;3;2, 3
34;5;3;3;2, 3
34;5;4;1;2, 3
34;5;5;2;2, 3
34;6;1;2;2, 4
34;6;2;1;2, 4
34;6;3;3;2, 4
34;6;4;1;2, 4
34;6;5;4;2, 4
34;7;1;1;2, 5
34;7;2;2;2, 5
34;7;3;3;2, 5
34;7;4;4;2, 5
34;7;5;2;2, 5
34;8;1;2;3, 4
34;8;2;1;3, 4
34;8;3;3;3, 4
34;8;4;3;3, 4
34;8;5;4;3, 4
34;9;1;3;3, 5
34;9;2;1;3, 5
34;9;3;2;3, 5
34;9;4;4;3, 5
34;9;5;2;3, 5
34;10;1;3;4, 5
34;10;2;1;4, 5
34;10;3;4;4, 5
34;10;4;2;4, 5
34;10;5;2;4, 5
35;1;1;3;1, 2
35;1;2;3;1, 2
35;1;3;4;1, 2
35;1;4;1;1, 2
35;1;5;2;1, 2
35;2;1;2;1, 3
35;2;2;1;1, 3
35;2;3;2;1, 3
35;2;4;3;1, 3
35;2;5;4;1, 3
35;3;1;3;1, 4
35;3;2;2;1, 4
35;3;3;4;1, 4
35;3;4;3;1, 4
35;3;5;1;1, 4
35;4;1;2;1, 5
35;4;2;4;1, 5
35;4;3;3;1, 5
35;4;4;1;1, 5
35;4;5;2;1, 5
35;5;1;4;2, 3
35;5;2;2;2, 3
35;5;3;2;2, 3
35;5;4;3;2, 3
35;5;5;1;2, 3
35;6;1;1;2, 4
35;6;2;4;2, 4
35;6;3;2;2, 4
35;6;4;4;2, 4
35;6;5;3;2, 4
35;7;1;2;2, 5
35;7;2;4;2, 5
35;7;3;3;2, 5
35;7;4;1;2, 5
35;7;5;4;2, 5
35;8;1;3;3, 4
35;8;2;2;3, 4
35;8;3;1;3, 4
35;8;4;1;3, 4
35;8;5;4;3, 4
35;9;1;2;3, 5
35;9;2;4;3, 5
35;9;3;3;3, 5
35;9;4;1;3, 5
35;9;5;3;3, 5
35;10;1;1;4, 5
35;10;2;3;4, 5
35;10;3;2;4, 5
35;10;4;4;4, 5
35;10;5;4;4, 5
36;1;1;2;1, 2
36;1;2;2;1, 2
36;1;3;1;1, 2
36;1;4;3;1, 2
36;1;5;4;1, 2
36;2;1;4;1, 3
36;2;2;3;1, 3
36;2;3;4;1, 3
36;2;4;1;1, 3
36;2;5;2;1, 3
36;3;1;1;1, 4
36;3;2;4;1, 4
36;3;3;2;1, 4
36;3;4;1;1, 4
36;3;5;3;1, 4
36;4;1;3;1, 5
36;4;2;1;1, 5
36;4;3;2;1, 5
36;4;4;4;1, 5
36;4;5;3;1, 5
36;5;1;1;2, 3
36;5;2;2;2, 3
36;5;3;2;2, 3
36;5;4;3;2, 3
36;5;5;4;2, 3
36;6;1;1;2, 4
36;6;2;3;2, 4
36;6;3;4;2, 4
36;6;4;3;2, 4
36;6;5;2;2, 4
36;7;1;4;2, 5
36;7;2;3;2, 5
36;7;3;2;2, 5
36;7;4;1;2, 5
36;7;5;3;2, 5
36;8;1;3;3, 4
36;8;2;2;3, 4
36;8;3;4;3, 4
36;8;4;4;3, 4
36;8;5;1;3, 4
36;9;1;3;3, 5
36;9;2;4;3, 5
36;9;3;2;3, 5
36;9;4;1;3, 5
36;9;5;2;3, 5
36;10;1;4;4, 5
36;10;2;1;4, 5
36;10;3;2;4, 5
36;10;4;3;4, 5
36;10;5;3;4, 5
37;1;1;3;1, 2
37;1;2;3;1, 2
37;1;3;1;1, 2
37;1;4;2;1, 2
37;1;5;4;1, 2
37;2;1;4;1, 3
37;2;2;1;1, 3
37;2;3;4;1, 3
37;2;4;2;1, 3
37;2;5;3;1, 3
37;3;1;2;1, 4
37;3;2;3;1, 4
37;3;3;1;1, 4
37;3;4;2;1, 4
37;3;5;4;1, 4
37;4;1;1;1, 5
37;4;2;4;1, 5
37;4;3;2;1, 5
37;4;4;3;1, 5
37;4;5;1;1, 5
37;5;1;3;2, 3
37;5;2;4;2, 3
37;5;3;4;2, 3
37;5;4;2;2, 3
37;5;5;1;2, 3
37;6;1;4;2, 4
37;6;2;1;2, 4
37;6;3;3;2, 4
37;6;4;1;2, 4
37;6;5;2;2, 4
37;7;1;3;2, 5
37;7;2;4;2, 5
37;7;3;1;2, 5
37;7;4;2;2, 5
37;7;5;4;2, 5
37;8;1;3;3, 4
37;8;2;1;3, 4
37;8;3;2;3, 4
37;8;4;2;3, 4
37;8;5;4;3, 4
37;9;1;2;3, 5
37;9;2;1;3, 5
37;9;3;4;3, 5
37;9;4;3;3, 5
37;9;5;4;3, 5
37;10;1;1;4, 5
37;10;2;3;4, 5
37;10;3;4;4, 5
37;10;4;2;4, 5
37;10;5;2;4, 5
38;1;1;1;1, 2
38;1;2;1;1, 2
38;1;3;4;1, 2
38;1;4;2;1, 2
38;1;5;3;1, 2
38;2;1;4;1, 3
38;2;2;1;1, 3
38;2;3;4;1, 3
38;2;4;3;1, 3
38;2;5;2;1, 3
38;3;1;4;1, 4
38;3;2;3;1, 4
38;3;3;1;1, 4
38;3;4;4;1, 4
38;3;5;2;1, 4
38;4;1;4;1, 5
38;4;2;3;1, 5
38;4;3;1;1, 5
38;4;4;2;1, 5
38;4;5;4;1, 5
38;5;1;2;2, 3
38;5;2;4;2, 3
38;5;3;4;2, 3
38;5;4;3;2, 3
38;5;5;1;2, 3
38;6;1;3;2, 4
38;6;2;4;2, 4
38;6;3;2;2, 4
38;6;4;4;2, 4
38;6;5;1;2, 4
38;7;1;3;2, 5
38;7;2;4;2, 5
38;7;3;1;2, 5
38;7;4;2;2, 5
38;7;5;4;2, 5
38;8;1;2;3, 4
38;8;2;4;3, 4
38;8;3;3;3, 4
38;8;4;3;3, 4
38;8;5;1;3, 4
38;9;1;3;3, 5
38;9;2;4;3, 5
38;9;3;2;3, 5
38;9;4;1;3, 5
38;9;5;2;3, 5
38;10;1;4;4, 5
38;10;2;1;4, 5
38;10;3;3;4, 5
38;10;4;2;4, 5
38;10;5;2;4, 5
39;1;1;3;1, 2
39;1;2;3;1, 2
39;1;3;1;1, 2
39;1;4;2;1, 2
39;1;5;4;1, 2
39;2;1;2;1, 3
39;2;2;4;1, 3
39;2;3;2;1, 3
39;2;4;3;1, 3
39;2;5;1;1, 3
39;3;1;4;1, 4
39;3;2;2;1, 4
39;3;3;1;1, 4
39;3;4;4;1, 4
39;3;5;3;1, 4
39;4;1;4;1, 5
39;4;2;3;1, 5
39;4;3;2;1, 5
39;4;4;1;1, 5
39;4;5;4;1, 5
39;5;1;1;2, 3
39;5;2;3;2, 3
39;5;3;3;2, 3
39;5;4;4;2, 3
39;5;5;2;2, 3
39;6;1;2;2, 4
39;6;2;3;2, 4
39;6;3;4;2, 4
39;6;4;3;2, 4
39;6;5;1;2, 4
39;7;1;3;2, 5
39;7;2;1;2, 5
39;7;3;2;2, 5
39;7;4;4;2, 5
39;7;5;1;2, 5
39;8;1;4;3, 4
39;8;2;3;3, 4
39;8;3;2;3, 4
39;8;4;2;3, 4
39;8;5;1;3, 4
39;9;1;4;3, 5
39;9;2;3;3, 5
39;9;3;2;3, 5
39;9;4;1;3, 5
39;9;5;2;3, 5
39;10;1;2;4, 5
39;10;2;4;4, 5
39;10;3;3;4, 5
39;10;4;1;4, 5
39;10;5;1;4, 5
40;1;1;2;1, 2
40;1;2;2;1, 2
40;1;3;4;1, 2
40;1;4;1;1, 2
40;1;5;3;1, 2
40;2;1;4;1, 3
40;2;2;1;1, 3
40;2;3;4;1, 3
40;2;4;2;1, 3
40;2;5;3;1, 3
40;3;1;3;1, 4
40;3;2;2;1, 4
40;3;3;1;1, 4
40;3;4;3;1, 4
40;3;5;4;1, 4
40;4;1;1;1, 5
40;4;2;3;1, 5
40;4;3;2;1, 5
40;4;4;4;1, 5
40;4;5;1;1, 5
40;5;1;3;2, 3
40;5;2;2;2, 3
40;5;3;2;2, 3
40;5;4;1;2, 3
40;5;5;4;2, 3
40;6;1;4;2, 4
40;6;2;1;2, 4
40;6;3;2;2, 4
40;6;4;1;2, 4
40;6;5;3;2, 4
40;7;1;2;2, 5
40;7;2;1;2, 5
40;7;3;3;2, 5
40;7;4;4;2, 5
40;7;5;1;2, 5
40;8;1;4;3, 4
40;8;2;1;3, 4
40;8;3;3;3, 4
40;8;4;3;3, 4
40;8;5;2;3, 4
40;9;1;4;3, 5
40;9;2;1;3, 5
40;9;3;3;3, 5
40;9;4;2;3, 5
40;9;5;3;3, 5
40;10;1;3;4, 5
40;10;2;4;4, 5
40;10;3;2;4, 5
40;10;4;1;4, 5
40;10;5;1;4, 5
41;1;1;2;1, 2
41;1;2;2;1, 2
41;1;3;3;1, 2
41;1;4;4;1, 2
41;1;5;1;1, 2
41;2;1;2;1, 3
41;2;2;1;1, 3
41;2;3;2;1, 3
41;2;4;4;1, 3
41;2;5;3;1, 3
41;3;1;1;1, 4
41;3;2;3;1, 4
41;3;3;2;1, 4
41;3;4;1;1, 4
41;3;5;4;1, 4
41;4;1;1;1, 5
41;4;2;3;1, 5
41;4;3;2;1, 5
41;4;4;4;1, 5
41;4;5;1;1, 5
41;5;1;3;2, 3
41;5;2;1;2, 3
41;5;3;1;2, 3
41;5;4;4;2, 3
41;5;5;2;2, 3
41;6;1;3;2, 4
41;6;2;2;2, 4
41;6;3;4;2, 4
41;6;4;2;2, 4
41;6;5;1;2, 4
41;7;1;1;2, 5
41;7;2;4;2, 5
41;7;3;2;2, 5
41;7;4;3;2, 5
41;7;5;4;2, 5
41;8;1;2;3, 4
41;8;2;4;3, 4
41;8;3;1;3, 4
41;8;4;1;3, 4
41;8;5;3;3, 4
41;9;1;1;3, 5
41;9;2;3;3, 5
41;9;3;2;3, 5
41;9;4;4;3, 5
41;9;5;2;3, 5
41;10;1;3;4, 5
41;10;2;1;4, 5
41;10;3;2;4, 5
41;10;4;4;4, 5
41;10;5;4;4, 5
42;1;1;4;1, 2
42;1;2;4;1, 2
42;1;3;1;1, 2
42;1;4;2;1, 2
42;1;5;3;1, 2
42;2;1;1;1, 3
42;2;2;4;1, 3
42;2;3;1;1, 3
42;2;4;2;1, 3
42;2;5;3;1, 3
42;3;1;4;1, 4
42;3;2;2;1, 4
42;3;3;1;1, 4
42;3;4;4;1, 4
42;3;5;3;1, 4
42;4;1;2;1, 5
42;4;2;1;1, 5
42;4;3;3;1, 5
42;4;4;4;1, 5
42;4;5;2;1, 5
42;5;1;4;2, 3
42;5;2;2;2, 3
42;5;3;2;2, 3
42;5;4;1;2, 3
42;5;5;3;2, 3
42;6;1;2;2, 4
42;6;2;3;2, 4
42;6;3;1;2, 4
42;6;4;3;2, 4
42;6;5;4;2, 4
42;7;1;1;2, 5
42;7;2;3;2, 5
42;7;3;4;2, 5
42;7;4;2;2, 5
42;7;5;3;2, 5
42;8;1;4;3, 4
42;8;2;3;3, 4
42;8;3;2;3, 4
42;8;4;2;3, 4
42;8;5;1;3, 4
42;9;1;2;3, 5
42;9;2;3;3, 5
42;9;3;4;3, 5
42;9;4;1;3, 5
42;9;5;4;3, 5
42;10;1;4;4, 5
42;10;2;3;4, 5
42;10;3;2;4, 5
42;10;4;1;4, 5
42;10;5;1;4, 5
43;1;1;1;1, 2
43;1;2;1;1, 2
43;1;3;3;1, 2
43;1;4;2;1, 2
43;1;5;4;1, 2
43;2;1;1;1, 3
43;2;2;3;1, 3
43;2;3;1;1, 3
43;2;4;2;1, 3
43;2;5;4;1, 3
43;3;1;1;1, 4
43;3;2;4;1, 4
43;3;3;2;1, 4
43;3;4;1;1, 4
43;3;5;3;1, 4
43;4;1;3;1, 5
43;4;2;4;1, 5
43;4;3;1;1, 5
43;4;4;2;1, 5
43;4;5;3;1, 5
43;5;1;1;2, 3
43;5;2;3;2, 3
43;5;3;3;2, 3
43;5;4;4;2, 3
43;5;5;2;2, 3
43;6;1;3;2, 4
43;6;2;2;2, 4
43;6;3;1;2, 4
43;6;4;2;2, 4
43;6;5;4;2, 4
43;7;1;2;2, 5
43;7;2;1;2, 5
43;7;3;3;2, 5
43;7;4;4;2, 5
43;7;5;1;2, 5
43;8;1;4;3, 4
43;8;2;1;3, 4
43;8;3;2;3, 4
43;8;4;2;3, 4
43;8;5;3;3, 4
43;9;1;3;3, 5
43;9;2;1;3, 5
43;9;3;2;3, 5
43;9;4;4;3, 5
43;9;5;2;3, 5
43;10;1;2;4, 5
43;10;2;3;4, 5
43;10;3;1;4, 5
43;10;4;4;4, 5
43;10;5;4;4, 5
44;1;1;3;1, 2
44;1;2;3;1, 2
44;1;3;1;1, 2
44;1;4;4;1, 2
44;1;5;2;1, 2
44;2;1;4;1, 3
44;2;2;1;1, 3
44;2;3;4;1, 3
44;2;4;3;1, 3
44;2;5;2;1, 3
44;3;1;4;1, 4
44;3;2;2;1, 4
44;3;3;3;1, 4
44;3;4;4;1, 4
44;3;5;1;1, 4
44;4;1;4;1, 5
44;4;2;1;1, 5
44;4;3;3;1, 5
44;4;4;2;1, 5
44;4;5;4;1, 5
44;5;1;3;2, 3
44;5;2;1;2, 3
44;5;3;1;2, 3
44;5;4;4;2, 3
44;5;5;2;2, 3
44;6;1;4;2, 4
44;6;2;2;2, 4
44;6;3;3;2, 4
44;6;4;2;2, 4
44;6;5;1;2, 4
44;7;1;4;2, 5
44;7;2;2;2, 5
44;7;3;3;2, 5
44;7;4;1;2, 5
44;7;5;2;2, 5
44;8;1;2;3, 4
44;8;2;1;3, 4
44;8;3;4;3, 4
44;8;4;4;3, 4
44;8;5;3;3, 4
44;9;1;3;3, 5
44;9;2;4;3, 5
44;9;3;1;3, 5
44;9;4;2;3, 5
44;9;5;1;3, 5
44;10;1;2;4, 5
44;10;2;1;4, 5
44;10;3;3;4, 5
44;10;4;4;4, 5
44;10;5;4;4, 5
45;1;1;1;1, 2
45;1;2;1;1, 2
45;1;3;3;1, 2
45;1;4;2;1, 2
45;1;5;4;1, 2
45;2;1;3;1, 3
45;2;2;2;1, 3
45;2;3;3;1, 3
45;2;4;1;1, 3
45;2;5;4;1, 3
45;3;1;4;1, 4
45;3;2;2;1, 4
45;3;3;1;1, 4
45;3;4;4;1, 4
45;3;5;3;1, 4
45;4;1;1;1, 5
45;4;2;4;1, 5
45;4;3;2;1, 5
45;4;4;3;1, 5
45;4;5;1;1, 5
45;5;1;3;2, 3
45;5;2;4;2, 3
45;5;3;4;2, 3
45;5;4;2;2, 3
45;5;5;1;2, 3
45;6;1;4;2, 4
45;6;2;3;2, 4
45;6;3;1;2, 4
45;6;4;3;2, 4
45;6;5;2;2, 4
45;7;1;4;2, 5
45;7;2;3;2, 5
45;7;3;1;2, 5
45;7;4;2;2, 5
45;7;5;3;2, 5
45;8;1;1;3, 4
45;8;2;3;3, 4
45;8;3;4;3, 4
45;8;4;4;3, 4
45;8;5;2;3, 4
45;9;1;1;3, 5
45;9;2;4;3, 5
45;9;3;2;3, 5
45;9;4;3;3, 5
45;9;5;2;3, 5
45;10;1;4;4, 5
45;10;2;1;4, 5
45;10;3;3;4, 5
45;10;4;2;4, 5
45;10;5;2;4, 5
46;1;1;3;1, 2
46;1;2;3;1, 2
46;1;3;1;1, 2
46;1;4;2;1, 2
46;1;5;4;1, 2
46;2;1;4;1, 3
46;2;2;2;1, 3
46;2;3;4;1, 3
46;2;4;3;1, 3
46;2;5;1;1, 3
46;3;1;1;1, 4
46;3;2;4;1, 4
46;3;3;3;1, 4
46;3;4;1;1, 4
46;3;5;2;1, 4
46;4;1;4;1, 5
46;4;2;3;1, 5
46;4;3;1;1, 5
46;4;4;2;1, 5
46;4;5;4;1, 5
46;5;1;3;2, 3
46;5;2;4;2, 3
46;5;3;4;2, 3
46;5;4;2;2, 3
46;5;5;1;2, 3
46;6;1;2;2, 4
46;6;2;1;2, 4
46;6;3;4;2, 4
46;6;4;1;2, 4
46;6;5;3;2, 4
46;7;1;1;2, 5
46;7;2;3;2, 5
46;7;3;4;2, 5
46;7;4;2;2, 5
46;7;5;3;2, 5
46;8;1;3;3, 4
46;8;2;1;3, 4
46;8;3;2;3, 4
46;8;4;2;3, 4
46;8;5;4;3, 4
46;9;1;2;3, 5
46;9;2;4;3, 5
46;9;3;1;3, 5
46;9;4;3;3, 5
46;9;5;1;3, 5
46;10;1;3;4, 5
46;10;2;4;4, 5
46;10;3;1;4, 5
46;10;4;2;4, 5
46;10;5;2;4, 5
47;1;1;4;1, 2
47;1;2;4;1, 2
47;1;3;3;1, 2
47;1;4;2;1, 2
47;1;5;1;1, 2
47;2;1;2;1, 3
47;2;2;3;1, 3
47;2;3;2;1, 3
47;2;4;4;1, 3
47;2;5;1;1, 3
47;3;1;1;1, 4
47;3;2;3;1, 4
47;3;3;4;1, 4
47;3;4;1;1, 4
47;3;5;2;1, 4
47;4;1;4;1, 5
47;4;2;2;1, 5
47;4;3;3;1, 5
47;4;4;1;1, 5
47;4;5;4;1, 5
47;5;1;4;2, 3
47;5;2;1;2, 3
47;5;3;1;2, 3
47;5;4;3;2, 3
47;5;5;2;2, 3
47;6;1;3;2, 4
47;6;2;4;2, 4
47;6;3;1;2, 4
47;6;4;4;2, 4
47;6;5;2;2, 4
47;7;1;4;2, 5
47;7;2;1;2, 5
47;7;3;3;2, 5
47;7;4;2;2, 5
47;7;5;1;2, 5
47;8;1;4;3, 4
47;8;2;2;3, 4
47;8;3;3;3, 4
47;8;4;3;3, 4
47;8;5;1;3, 4
47;9;1;4;3, 5
47;9;2;2;3, 5
47;9;3;3;3, 5
47;9;4;1;3, 5
47;9;5;3;3, 5
47;10;1;4;4, 5
47;10;2;1;4, 5
47;10;3;2;4, 5
47;10;4;3;4, 5
47;10;5;3;4, 5
48;1;1;3;1, 2
48;1;2;3;1, 2
48;1;3;4;1, 2
48;1;4;2;1, 2
48;1;5;1;1, 2
48;2;1;3;1, 3
48;2;2;1;1, 3
48;2;3;3;1, 3
48;2;4;4;1, 3
48;2;5;2;1, 3
48;3;1;1;1, 4
48;3;2;3;1, 4
48;3;3;2;1, 4
48;3;4;1;1, 4
48;3;5;4;1, 4
48;4;1;2;1, 5
48;4;2;4;1, 5
48;4;3;1;1, 5
48;4;4;3;1, 5
48;4;5;2;1, 5
48;5;1;3;2, 3
48;5;2;2;2, 3
48;5;3;2;2, 3
48;5;4;1;2, 3
48;5;5;4;2, 3
48;6;1;1;2, 4
48;6;2;3;2, 4
48;6;3;2;2, 4
48;6;4;3;2, 4
48;6;5;4;2, 4
48;7;1;4;2, 5
48;7;2;2;2, 5
48;7;3;3;2, 5
48;7;4;1;2, 5
48;7;5;2;2, 5
48;8;1;1;3, 4
48;8;2;2;3, 4
48;8;3;3;3, 4
48;8;4;3;3, 4
48;8;5;4;3, 4
48;9;1;3;3, 5
48;9;2;4;3, 5
48;9;3;1;3, 5
48;9;4;2;3, 5
48;9;5;1;3, 5
48;10;1;3;4, 5
48;10;2;1;4, 5
48;10;3;4;4, 5
48;10;4;2;4, 5
48;10;5;2;4, 5
49;1;1;1;1, 2
49;1;2;1;1, 2
49;1;3;4;1, 2
49;1;4;2;1, 2
49;1;5;3;1, 2
49;2;1;3;1, 3
49;2;2;1;1, 3
49;2;3;3;1, 3
49;2;4;2;1, 3
49;2;5;4;1, 3
49;3;1;4;1, 4
49;3;2;1;1, 4
49;3;3;3;1, 4
49;3;4;4;1, 4
49;3;5;2;1, 4
49;4;1;4;1, 5
49;4;2;2;1, 5
49;4;3;3;1, 5
49;4;4;1;1, 5
49;4;5;4;1, 5
49;5;1;2;2, 3
49;5;2;1;2, 3
49;5;3;1;2, 3
49;5;4;4;2, 3
49;5;5;3;2, 3
49;6;1;4;2, 4
49;6;2;2;2, 4
49;6;3;3;2, 4
49;6;4;2;2, 4
49;6;5;1;2, 4
49;7;1;1;2, 5
49;7;2;4;2, 5
49;7;3;2;2, 5
49;7;4;3;2, 5
49;7;5;4;2, 5
49;8;1;1;3, 4
49;8;2;2;3, 4
49;8;3;4;3, 4
49;8;4;4;3, 4
49;8;5;3;3, 4
49;9;1;1;3, 5
49;9;2;4;3, 5
49;9;3;2;3, 5
49;9;4;3;3, 5
49;9;5;2;3, 5
49;10;1;3;4, 5
49;10;2;2;4, 5
49;10;3;1;4, 5
49;10;4;4;4, 5
49;10;5;4;4, 5
50;1;1;4;1, 2
50;1;2;4;1, 2
50;1;3;3;1, 2
50;1;4;1;1, 2
50;1;5;2;1, 2
50;2;1;4;1, 3
50;2;2;1;1, 3
50;2;3;4;1, 3
50;2;4;2;1, 3
50;2;5;3;1, 3
50;3;1;3;1, 4
50;3;2;4;1, 4
50;3;3;2;1, 4
50;3;4;3;1, 4
50;3;5;1;1, 4
50;4;1;1;1, 5
50;4;2;3;1, 5
50;4;3;4;1, 5
50;4;4;2;1, 5
50;4;5;1;1, 5
50;5;1;1;2, 3
50;5;2;4;2, 3
50;5;3;4;2, 3
50;5;4;3;2, 3
50;5;5;2;2, 3
50;6;1;1;2, 4
50;6;2;2;2, 4
50;6;3;3;2, 4
50;6;4;2;2, 4
50;6;5;4;2, 4
50;7;1;1;2, 5
50;7;2;4;2, 5
50;7;3;3;2, 5
50;7;4;2;2, 5
50;7;5;4;2, 5
50;8;1;4;3, 4
50;8;2;1;3, 4
50;8;3;2;3, 4
50;8;4;2;3, 4
50;8;5;3;3, 4
50;9;1;3;3, 5
50;9;2;2;3, 5
50;9;3;4;3, 5
50;9;4;1;3, 5
50;9;5;4;3, 5
50;10;1;3;4, 5
50;10;2;4;4, 5
50;10;3;2;4, 5
50;10;4;1;4, 5
50;10;5;1;4, 5
51;1;1;2;1, 2
51;1;2;2;1, 2
51;1;3;4;1, 2
51;1;4;1;1, 2
51;1;5;3;1, 2
51;2;1;4;1, 3
51;2;2;3;1, 3
51;2;3;4;1, 3
51;2;4;2;1, 3
51;2;5;1;1, 3
51;3;1;3;1, 4
51;3;2;1;1, 4
51;3;3;4;1, 4
51;3;4;3;1, 4
51;3;5;2;1, 4
51;4;1;3;1, 5
51;4;2;1;1, 5
51;4;3;4;1, 5
51;4;4;2;1, 5
51;4;5;3;1, 5
51;5;1;1;2, 3
51;5;2;3;2, 3
51;5;3;3;2, 3
51;5;4;2;2, 3
51;5;5;4;2, 3
51;6;1;4;2, 4
51;6;2;2;2, 4
51;6;3;1;2, 4
51;6;4;2;2, 4
51;6;5;3;2, 4
51;7;1;2;2, 5
51;7;2;3;2, 5
51;7;3;1;2, 5
51;7;4;4;2, 5
51;7;5;3;2, 5
51;8;1;4;3, 4
51;8;2;2;3, 4
51;8;3;1;3, 4
51;8;4;1;3, 4
51;8;5;3;3, 4
51;9;1;4;3, 5
51;9;2;3;3, 5
51;9;3;2;3, 5
51;9;4;1;3, 5
51;9;5;2;3, 5
51;10;1;3;4, 5
51;10;2;2;4, 5
51;10;3;1;4, 5
51;10;4;4;4, 5
51;10;5;4;4, 5
52;1;1;3;1, 2
52;1;2;3;1, 2
52;1;3;1;1, 2
52;1;4;4;1, 2
52;1;5;2;1, 2
52;2;1;4;1, 3
52;2;2;3;1, 3
52;2;3;4;1, 3
52;2;4;1;1, 3
52;2;5;2;1, 3
52;3;1;4;1, 4
52;3;2;1;1, 4
52;3;3;2;1, 4
52;3;4;4;1, 4
52;3;5;3;1, 4
52;4;1;3;1, 5
52;4;2;1;1, 5
52;4;3;4;1, 5
52;4;4;2;1, 5
52;4;5;3;1, 5
52;5;1;3;2, 3
52;5;2;2;2, 3
52;5;3;2;2, 3
52;5;4;4;2, 3
52;5;5;1;2, 3
52;6;1;2;2, 4
52;6;2;4;2, 4
52;6;3;1;2, 4
52;6;4;4;2, 4
52;6;5;3;2, 4
52;7;1;3;2, 5
52;7;2;1;2, 5
52;7;3;4;2, 5
52;7;4;2;2, 5
52;7;5;1;2, 5
52;8;1;3;3, 4
52;8;2;1;3, 4
52;8;3;4;3, 4
52;8;4;4;3, 4
52;8;5;2;3, 4
52;9;1;4;3, 5
52;9;2;2;3, 5
52;9;3;3;3, 5
52;9;4;1;3, 5
52;9;5;3;3, 5
52;10;1;2;4, 5
52;10;2;4;4, 5
52;10;3;3;4, 5
52;10;4;1;4, 5
52;10;5;1;4, 5
53;1;1;1;1, 2
53;1;2;1;1, 2
53;1;3;2;1, 2
53;1;4;4;1, 2
53;1;5;3;1, 2
53;2;1;4;1, 3
53;2;2;1;1, 3
53;2;3;4;1, 3
53;2;4;2;1, 3
53;2;5;3;1, 3
53;3;1;3;1, 4
53;3;2;4;1, 4
53;3;3;2;1, 4
53;3;4;3;1, 4
53;3;5;1;1, 4
53;4;1;1;1, 5
53;4;2;2;1, 5
53;4;3;4;1, 5
53;4;4;3;1, 5
53;4;5;1;1, 5
53;5;1;2;2, 3
53;5;2;1;2, 3
53;5;3;1;2, 3
53;5;4;4;2, 3
53;5;5;3;2, 3
53;6;1;1;2, 4
53;6;2;3;2, 4
53;6;3;2;2, 4
53;6;4;3;2, 4
53;6;5;4;2, 4
53;7;1;4;2, 5
53;7;2;3;2, 5
53;7;3;1;2, 5
53;7;4;2;2, 5
53;7;5;3;2, 5
53;8;1;1;3, 4
53;8;2;2;3, 4
53;8;3;3;3, 4
53;8;4;3;3, 4
53;8;5;4;3, 4
53;9;1;3;3, 5
53;9;2;1;3, 5
53;9;3;2;3, 5
53;9;4;4;3, 5
53;9;5;2;3, 5
53;10;1;3;4, 5
53;10;2;1;4, 5
53;10;3;2;4, 5
53;10;4;4;4, 5
53;10;5;4;4, 5
54;1;1;4;1, 2
54;1;2;4;1, 2
54;1;3;1;1, 2
54;1;4;3;1, 2
54;1;5;2;1, 2
54;2;1;1;1, 3
54;2;2;2;1, 3
54;2;3;1;1, 3
54;2;4;4;1, 3
54;2;5;3;1, 3
54;3;1;3;1, 4
54;3;2;4;1, 4
54;3;3;2;1, 4
54;3;4;3;1, 4
54;3;5;1;1, 4
54;4;1;2;1, 5
54;4;2;1;1, 5
54;4;3;3;1, 5
54;4;4;4;1, 5
54;4;5;2;1, 5
54;5;1;3;2, 3
54;5;2;4;2, 3
54;5;3;4;2, 3
54;5;4;2;2, 3
54;5;5;1;2, 3
54;6;1;3;2, 4
54;6;2;2;2, 4
54;6;3;4;2, 4
54;6;4;2;2, 4
54;6;5;1;2, 4
54;7;1;3;2, 5
54;7;2;1;2, 5
54;7;3;2;2, 5
54;7;4;4;2, 5
54;7;5;1;2, 5
54;8;1;3;3, 4
54;8;2;1;3, 4
54;8;3;2;3, 4
54;8;4;2;3, 4
54;8;5;4;3, 4
54;9;1;2;3, 5
54;9;2;1;3, 5
54;9;3;4;3, 5
54;9;4;3;3, 5
54;9;5;4;3, 5
54;10;1;1;4, 5
54;10;2;4;4, 5
54;10;3;2;4, 5
54;10;4;3;4, 5
54;10;5;3;4, 5
55;1;1;4;1, 2
55;1;2;4;1, 2
55;1;3;1;1, 2
55;1;4;2;1, 2
55;1;5;3;1, 2
55;2;1;2;1, 3
55;2;2;4;1, 3
55;2;3;2;1, 3
55;2;4;1;1, 3
55;2;5;3;1, 3
55;3;1;3;1, 4
55;3;2;2;1, 4
55;3;3;4;1, 4
55;3;4;3;1, 4
55;3;5;1;1, 4
55;4;1;3;1, 5
55;4;2;2;1, 5
55;4;3;4;1, 5
55;4;4;1;1, 5
55;4;5;3;1, 5
55;5;1;4;2, 3
55;5;2;1;2, 3
55;5;3;1;2, 3
55;5;4;2;2, 3
55;5;5;3;2, 3
55;6;1;1;2, 4
55;6;2;3;2, 4
55;6;3;2;2, 4
55;6;4;3;2, 4
55;6;5;4;2, 4
55;7;1;1;2, 5
55;7;2;3;2, 5
55;7;3;4;2, 5
55;7;4;2;2, 5
55;7;5;3;2, 5
55;8;1;1;3, 4
55;8;2;4;3, 4
55;8;3;2;3, 4
55;8;4;2;3, 4
55;8;5;3;3, 4
55;9;1;4;3, 5
55;9;2;1;3, 5
55;9;3;2;3, 5
55;9;4;3;3, 5
55;9;5;2;3, 5
55;10;1;2;4, 5
55;10;2;4;4, 5
55;10;3;1;4, 5
55;10;4;3;4, 5
55;10;5;3;4, 5
56;1;1;2;1, 2
56;1;2;2;1, 2
56;1;3;3;1, 2
56;1;4;4;1, 2
56;1;5;1;1, 2
56;2;1;4;1, 3
56;2;2;3;1, 3
56;2;3;4;1, 3
56;2;4;1;1, 3
56;2;5;2;1, 3
56;3;1;1;1, 4
56;3;2;3;1, 4
56;3;3;4;1, 4
56;3;4;1;1, 4
56;3;5;2;1, 4
56;4;1;3;1, 5
56;4;2;1;1, 5
56;4;3;2;1, 5
56;4;4;4;1, 5
56;4;5;3;1, 5
56;5;1;3;2, 3
56;5;2;1;2, 3
56;5;3;1;2, 3
56;5;4;4;2, 3
56;5;5;2;2, 3
56;6;1;1;2, 4
56;6;2;3;2, 4
56;6;3;2;2, 4
56;6;4;3;2, 4
56;6;5;4;2, 4
56;7;1;4;2, 5
56;7;2;2;2, 5
56;7;3;3;2, 5
56;7;4;1;2, 5
56;7;5;2;2, 5
56;8;1;3;3, 4
56;8;2;1;3, 4
56;8;3;2;3, 4
56;8;4;2;3, 4
56;8;5;4;3, 4
56;9;1;3;3, 5
56;9;2;2;3, 5
56;9;3;4;3, 5
56;9;4;1;3, 5
56;9;5;4;3, 5
56;10;1;1;4, 5
56;10;2;2;4, 5
56;10;3;4;4, 5
56;10;4;3;4, 5
56;10;5;3;4, 5
57;1;1;2;1, 2
57;1;2;2;1, 2
57;1;3;3;1, 2
57;1;4;1;1, 2
57;1;5;4;1, 2
57;2;1;3;1, 3
57;2;2;4;1, 3
57;2;3;3;1, 3
57;2;4;2;1, 3
57;2;5;1;1, 3
57;3;1;3;1, 4
57;3;2;1;1, 4
57;3;3;2;1, 4
57;3;4;3;1, 4
57;3;5;4;1, 4
57;4;1;2;1, 5
57;4;2;4;1, 5
57;4;3;3;1, 5
57;4;4;1;1, 5
57;4;5;2;1, 5
57;5;1;4;2, 3
57;5;2;3;2, 3
57;5;3;3;2, 3
57;5;4;2;2, 3
57;5;5;1;2, 3
57;6;1;2;2, 4
57;6;2;3;2, 4
57;6;3;1;2, 4
57;6;4;3;2, 4
57;6;5;4;2, 4
57;7;1;4;2, 5
57;7;2;1;2, 5
57;7;3;3;2, 5
57;7;4;2;2, 5
57;7;5;1;2, 5
57;8;1;1;3, 4
57;8;2;4;3, 4
57;8;3;3;3, 4
57;8;4;3;3, 4
57;8;5;2;3, 4
57;9;1;3;3, 5
57;9;2;1;3, 5
57;9;3;2;3, 5
57;9;4;4;3, 5
57;9;5;2;3, 5
57;10;1;3;4, 5
57;10;2;2;4, 5
57;10;3;4;4, 5
57;10;4;1;4, 5
57;10;5;1;4, 5
58;1;1;4;1, 2
58;1;2;4;1, 2
58;1;3;2;1, 2
58;1;4;1;1, 2
58;1;5;3;1, 2
58;2;1;2;1, 3
58;2;2;3;1, 3
58;2;3;2;1, 3
58;2;4;4;1, 3
58;2;5;1;1, 3
58;3;1;2;1, 4
58;3;2;4;1, 4
58;3;3;1;1, 4
58;3;4;2;1, 4
58;3;5;3;1, 4
58;4;1;2;1, 5
58;4;2;4;1, 5
58;4;3;3;1, 5
58;4;4;1;1, 5
58;4;5;2;1, 5
58;5;1;4;2, 3
58;5;2;3;2, 3
58;5;3;3;2, 3
58;5;4;1;2, 3
58;5;5;2;2, 3
58;6;1;4;2, 4
58;6;2;3;2, 4
58;6;3;1;2, 4
58;6;4;3;2, 4
58;6;5;2;2, 4
58;7;1;3;2, 5
58;7;2;1;2, 5
58;7;3;2;2, 5
58;7;4;4;2, 5
58;7;5;1;2, 5
58;8;1;4;3, 4
58;8;2;3;3, 4
58;8;3;1;3, 4
58;8;4;1;3, 4
58;8;5;2;3, 4
58;9;1;3;3, 5
58;9;2;1;3, 5
58;9;3;4;3, 5
58;9;4;2;3, 5
58;9;5;4;3, 5
58;10;1;3;4, 5
58;10;2;1;4, 5
58;10;3;2;4, 5
58;10;4;4;4, 5
58;10;5;4;4, 5
59;1;1;1;1, 2
59;1;2;1;1, 2
59;1;3;4;1, 2
59;1;4;2;1, 2
59;1;5;3;1, 2
59;2;1;2;1, 3
59;2;2;4;1, 3
59;2;3;2;1, 3
59;2;4;1;1, 3
59;2;5;3;1, 3
59;3;1;4;1, 4
59;3;2;1;1, 4
59;3;3;3;1, 4
59;3;4;4;1, 4
59;3;5;2;1, 4
59;4;1;1;1, 5
59;4;2;3;1, 5
59;4;3;2;1, 5
59;4;4;4;1, 5
59;4;5;1;1, 5
59;5;1;2;2, 3
59;5;2;1;2, 3
59;5;3;1;2, 3
59;5;4;4;2, 3
59;5;5;3;2, 3
59;6;1;1;2, 4
59;6;2;4;2, 4
59;6;3;3;2, 4
59;6;4;4;2, 4
59;6;5;2;2, 4
59;7;1;3;2, 5
59;7;2;1;2, 5
59;7;3;4;2, 5
59;7;4;2;2, 5
59;7;5;1;2, 5
59;8;1;1;3, 4
59;8;2;3;3, 4
59;8;3;2;3, 4
59;8;4;2;3, 4
59;8;5;4;3, 4
59;9;1;4;3, 5
59;9;2;1;3, 5
59;9;3;2;3, 5
59;9;4;3;3, 5
59;9;5;2;3, 5
59;10;1;1;4, 5
59;10;2;2;4, 5
59;10;3;3;4, 5
59;10;4;4;4, 5
59;10;5;4;4, 5
60;1;1;4;1, 2
60;1;2;4;1, 2
60;1;3;1;1, 2
60;1;4;2;1, 2
60;1;5;3;1, 2
60;2;1;1;1, 3
60;2;2;4;1, 3
60;2;3;1;1, 3
60;2;4;3;1, 3
60;2;5;2;1, 3
60;3;1;2;1, 4
60;3;2;4;1, 4
60;3;3;3;1, 4
60;3;4;2;1, 4
60;3;5;1;1, 4
60;4;1;4;1, 5
60;4;2;1;1, 5
60;4;3;3;1, 5
60;4;4;2;1, 5
60;4;5;4;1, 5
60;5;1;3;2, 3
60;5;2;2;2, 3
60;5;3;2;2, 3
60;5;4;4;2, 3
60;5;5;1;2, 3
60;6;1;3;2, 4
60;6;2;1;2, 4
60;6;3;4;2, 4
60;6;4;1;2, 4
60;6;5;2;2, 4
60;7;1;4;2, 5
60;7;2;2;2, 5
60;7;3;1;2, 5
60;7;4;3;2, 5
60;7;5;2;2, 5
60;8;1;3;3, 4
60;8;2;2;3, 4
60;8;3;1;3, 4
60;8;4;1;3, 4
60;8;5;4;3, 4
60;9;1;2;3, 5
60;9;2;3;3, 5
60;9;3;4;3, 5
60;9;4;1;3, 5
60;9;5;4;3, 5
60;10;1;3;4, 5
60;10;2;4;4, 5
60;10;3;2;4, 5
60;10;4;1;4, 5
60;10;5;1;4, 5
61;1;1;3;1, 2
61;1;2;3;1, 2
61;1;3;2;1, 2
61;1;4;1;1, 2
61;1;5;4;1, 2
61;2;1;2;1, 3
61;2;2;1;1, 3
61;2;3;2;1, 3
61;2;4;3;1, 3
61;2;5;4;1, 3
61;3;1;4;1, 4
61;3;2;1;1, 4
61;3;3;2;1, 4
61;3;4;4;1, 4
61;3;5;3;1, 4
61;4;1;3;1, 5
61;4;2;4;1, 5
61;4;3;1;1, 5
61;4;4;2;1, 5
61;4;5;3;1, 5
61;5;1;1;2, 3
61;5;2;3;2, 3
61;5;3;3;2, 3
61;5;4;2;2, 3
61;5;5;4;2, 3
61;6;1;4;2, 4
61;6;2;2;2, 4
61;6;3;3;2, 4
61;6;4;2;2, 4
61;6;5;1;2, 4
61;7;1;2;2, 5
61;7;2;4;2, 5
61;7;3;1;2, 5
61;7;4;3;2, 5
61;7;5;4;2, 5
61;8;1;1;3, 4
61;8;2;3;3, 4
61;8;3;4;3, 4
61;8;4;4;3, 4
61;8;5;2;3, 4
61;9;1;3;3, 5
61;9;2;4;3, 5
61;9;3;2;3, 5
61;9;4;1;3, 5
61;9;5;2;3, 5
61;10;1;2;4, 5
61;10;2;1;4, 5
61;10;3;4;4, 5
61;10;4;3;4, 5
61;10;5;3;4, 5
62;1;1;2;1, 2
62;1;2;2;1, 2
62;1;3;1;1, 2
62;1;4;4;1, 2
62;1;5;3;1, 2
62;2;1;4;1, 3
62;2;2;2;1, 3
62;2;3;4;1, 3
62;2;4;1;1, 3
62;2;5;3;1, 3
62;3;1;1;1, 4
62;3;2;2;1, 4
62;3;3;4;1, 4
62;3;4;1;1, 4
62;3;5;3;1, 4
62;4;1;4;1, 5
62;4;2;2;1, 5
62;4;3;1;1, 5
62;4;4;3;1, 5
62;4;5;4;1, 5
62;5;1;2;2, 3
62;5;2;3;2, 3
62;5;3;3;2, 3
62;5;4;4;2, 3
62;5;5;1;2, 3
62;6;1;4;2, 4
62;6;2;1;2, 4
62;6;3;3;2, 4
62;6;4;1;2, 4
62;6;5;2;2, 4
62;7;1;4;2, 5
62;7;2;2;2, 5
62;7;3;3;2, 5
62;7;4;1;2, 5
62;7;5;2;2, 5
62;8;1;1;3, 4
62;8;2;4;3, 4
62;8;3;3;3, 4
62;8;4;3;3, 4
62;8;5;2;3, 4
62;9;1;3;3, 5
62;9;2;1;3, 5
62;9;3;4;3, 5
62;9;4;2;3, 5
62;9;5;4;3, 5
62;10;1;1;4, 5
62;10;2;2;4, 5
62;10;3;4;4, 5
62;10;4;3;4, 5
62;10;5;3;4, 5
63;1;1;2;1, 2
63;1;2;2;1, 2
63;1;3;4;1, 2
63;1;4;3;1, 2
63;1;5;1;1, 2
63;2;1;2;1, 3
63;2;2;3;1, 3
63;2;3;2;1, 3
63;2;4;1;1, 3
63;2;5;4;1, 3
63;3;1;3;1, 4
63;3;2;2;1, 4
63;3;3;1;1, 4
63;3;4;3;1, 4
63;3;5;4;1, 4
63;4;1;2;1, 5
63;4;2;3;1, 5
63;4;3;4;1, 5
63;4;4;1;1, 5
63;4;5;2;1, 5
63;5;1;2;2, 3
63;5;2;3;2, 3
63;5;3;3;2, 3
63;5;4;1;2, 3
63;5;5;4;2, 3
63;6;1;1;2, 4
63;6;2;3;2, 4
63;6;3;4;2, 4
63;6;4;3;2, 4
63;6;5;2;2, 4
63;7;1;1;2, 5
63;7;2;4;2, 5
63;7;3;2;2, 5
63;7;4;3;2, 5
63;7;5;4;2, 5
63;8;1;1;3, 4
63;8;2;4;3, 4
63;8;3;3;3, 4
63;8;4;3;3, 4
63;8;5;2;3, 4
63;9;1;1;3, 5
63;9;2;4;3, 5
63;9;3;2;3, 5
63;9;4;3;3, 5
63;9;5;2;3, 5
63;10;1;4;4, 5
63;10;2;1;4, 5
63;10;3;3;4, 5
63;10;4;2;4, 5
63;10;5;2;4, 5
64;1;1;2;1, 2
64;1;2;2;1, 2
64;1;3;1;1, 2
64;1;4;4;1, 2
64;1;5;3;1, 2
64;2;1;1;1, 3
64;2;2;2;1, 3
64;2;3;1;1, 3
64;2;4;3;1, 3
64;2;5;4;1, 3
64;3;1;2;1, 4
64;3;2;1;1, 4
64;3;3;4;1, 4
64;3;4;2;1, 4
64;3;5;3;1, 4
64;4;1;2;1, 5
64;4;2;1;1, 5
64;4;3;4;1, 5
64;4;4;3;1, 5
64;4;5;2;1, 5
64;5;1;2;2, 3
64;5;2;1;2, 3
64;5;3;1;2, 3
64;5;4;3;2, 3
64;5;5;4;2, 3
64;6;1;3;2, 4
64;6;2;2;2, 4
64;6;3;4;2, 4
64;6;4;2;2, 4
64;6;5;1;2, 4
64;7;1;3;2, 5
64;7;2;4;2, 5
64;7;3;2;2, 5
64;7;4;1;2, 5
64;7;5;4;2, 5
64;8;1;4;3, 4
64;8;2;1;3, 4
64;8;3;2;3, 4
64;8;4;2;3, 4
64;8;5;3;3, 4
64;9;1;3;3, 5
64;9;2;2;3, 5
64;9;3;1;3, 5
64;9;4;4;3, 5
64;9;5;1;3, 5
64;10;1;2;4, 5
64;10;2;4;4, 5
64;10;3;3;4, 5
64;10;4;1;4, 5
64;10;5;1;4, 5
65;1;1;2;1, 2
65;1;2;2;1, 2
65;1;3;1;1, 2
65;1;4;4;1, 2
65;1;5;3;1, 2
65;2;1;2;1, 3
65;2;2;1;1, 3
65;2;3;2;1, 3
65;2;4;3;1, 3
65;2;5;4;1, 3
65;3;1;3;1, 4
65;3;2;2;1, 4
65;3;3;4;1, 4
65;3;4;3;1, 4
65;3;5;1;1, 4
65;4;1;4;1, 5
65;4;2;2;1, 5
65;4;3;1;1, 5
65;4;4;3;1, 5
65;4;5;4;1, 5
65;5;1;3;2, 3
65;5;2;4;2, 3
65;5;3;4;2, 3
65;5;4;1;2, 3
65;5;5;2;2, 3
65;6;1;4;2, 4
65;6;2;3;2, 4
65;6;3;1;2, 4
65;6;4;3;2, 4
65;6;5;2;2, 4
65;7;1;1;2, 5
65;7;2;2;2, 5
65;7;3;3;2, 5
65;7;4;4;2, 5
65;7;5;2;2, 5
65;8;1;4;3, 4
65;8;2;3;3, 4
65;8;3;1;3, 4
65;8;4;1;3, 4
65;8;5;2;3, 4
65;9;1;3;3, 5
65;9;2;2;3, 5
65;9;3;4;3, 5
65;9;4;1;3, 5
65;9;5;4;3, 5
65;10;1;3;4, 5
65;10;2;1;4, 5
65;10;3;4;4, 5
65;10;4;2;4, 5
65;10;5;2;4, 5
66;1;1;2;1, 2
66;1;2;2;1, 2
66;1;3;4;1, 2
66;1;4;3;1, 2
66;1;5;1;1, 2
66;2;1;4;1, 3
66;2;2;3;1, 3
66;2;3;4;1, 3
66;2;4;2;1, 3
66;2;5;1;1, 3
66;3;1;2;1, 4
66;3;2;3;1, 4
66;3;3;1;1, 4
66;3;4;2;1, 4
66;3;5;4;1, 4
66;4;1;4;1, 5
66;4;2;1;1, 5
66;4;3;3;1, 5
66;4;4;2;1, 5
66;4;5;4;1, 5
66;5;1;3;2, 3
66;5;2;1;2, 3
66;5;3;1;2, 3
66;5;4;2;2, 3
66;5;5;4;2, 3
66;6;1;3;2, 4
66;6;2;2;2, 4
66;6;3;1;2, 4
66;6;4;2;2, 4
66;6;5;4;2, 4
66;7;1;2;2, 5
66;7;2;1;2, 5
66;7;3;4;2, 5
66;7;4;3;2, 5
66;7;5;1;2, 5
66;8;1;1;3, 4
66;8;2;4;3, 4
66;8;3;2;3, 4
66;8;4;2;3, 4
66;8;5;3;3, 4
66;9;1;1;3, 5
66;9;2;2;3, 5
66;9;3;4;3, 5
66;9;4;3;3, 5
66;9;5;4;3, 5
66;10;1;2;4, 5
66;10;2;3;4, 5
66;10;3;1;4, 5
66;10;4;4;4, 5
66;10;5;4;4, 5
67;1;1;3;1, 2
67;1;2;3;1, 2
67;1;3;2;1, 2
67;1;4;4;1, 2
67;1;5;1;1, 2
67;2;1;1;1, 3
67;2;2;4;1, 3
67;2;3;1;1, 3
67;2;4;3;1, 3
67;2;5;2;1, 3
67;3;1;2;1, 4
67;3;2;4;1, 4
67;3;3;3;1, 4
67;3;4;2;1, 4
67;3;5;1;1, 4
67;4;1;3;1, 5
67;4;2;2;1, 5
67;4;3;4;1, 5
67;4;4;1;1, 5
67;4;5;3;1, 5
67;5;1;2;2, 3
67;5;2;4;2, 3
67;5;3;4;2, 3
67;5;4;1;2, 3
67;5;5;3;2, 3
67;6;1;2;2, 4
67;6;2;1;2, 4
67;6;3;3;2, 4
67;6;4;1;2, 4
67;6;5;4;2, 4
67;7;1;3;2, 5
67;7;2;2;2, 5
67;7;3;1;2, 5
67;7;4;4;2, 5
67;7;5;2;2, 5
67;8;1;1;3, 4
67;8;2;2;3, 4
67;8;3;4;3, 4
67;8;4;4;3, 4
67;8;5;3;3, 4
67;9;1;2;3, 5
67;9;2;1;3, 5
67;9;3;4;3, 5
67;9;4;3;3, 5
67;9;5;4;3, 5
67;10;1;3;4, 5
67;10;2;1;4, 5
67;10;3;2;4, 5
67;10;4;4;4, 5
67;10;5;4;4, 5
68;1;1;2;1, 2
68;1;2;2;1, 2
68;1;3;3;1, 2
68;1;4;1;1, 2
68;1;5;4;1, 2
68;2;1;3;1, 3
68;2;2;2;1, 3
68;2;3;3;1, 3
68;2;4;4;1, 3
68;2;5;1;1, 3
68;3;1;2;1, 4
68;3;2;1;1, 4
68;3;3;3;1, 4
68;3;4;2;1, 4
68;3;5;4;1, 4
68;4;1;1;1, 5
68;4;2;4;1, 5
68;4;3;3;1, 5
68;4;4;2;1, 5
68;4;5;1;1, 5
68;5;1;4;2, 3
68;5;2;3;2, 3
68;5;3;3;2, 3
68;5;4;2;2, 3
68;5;5;1;2, 3
68;6;1;2;2, 4
68;6;2;3;2, 4
68;6;3;4;2, 4
68;6;4;3;2, 4
68;6;5;1;2, 4
68;7;1;1;2, 5
68;7;2;3;2, 5
68;7;3;2;2, 5
68;7;4;4;2, 5
68;7;5;3;2, 5
68;8;1;1;3, 4
68;8;2;4;3, 4
68;8;3;2;3, 4
68;8;4;2;3, 4
68;8;5;3;3, 4
68;9;1;2;3, 5
68;9;2;3;3, 5
68;9;3;4;3, 5
68;9;4;1;3, 5
68;9;5;4;3, 5
68;10;1;4;4, 5
68;10;2;1;4, 5
68;10;3;3;4, 5
68;10;4;2;4, 5
68;10;5;2;4, 5
69;1;1;4;1, 2
69;1;2;4;1, 2
69;1;3;1;1, 2
69;1;4;2;1, 2
69;1;5;3;1, 2
69;2;1;3;1, 3
69;2;2;1;1, 3
69;2;3;3;1, 3
69;2;4;2;1, 3
69;2;5;4;1, 3
69;3;1;2;1, 4
69;3;2;3;1, 4
69;3;3;1;1, 4
69;3;4;2;1, 4
69;3;5;4;1, 4
69;4;1;4;1, 5
69;4;2;3;1, 5
69;4;3;2;1, 5
69;4;4;1;1, 5
69;4;5;4;1, 5
69;5;1;2;2, 3
69;5;2;4;2, 3
69;5;3;4;2, 3
69;5;4;3;2, 3
69;5;5;1;2, 3
69;6;1;3;2, 4
69;6;2;4;2, 4
69;6;3;1;2, 4
69;6;4;4;2, 4
69;6;5;2;2, 4
69;7;1;3;2, 5
69;7;2;1;2, 5
69;7;3;4;2, 5
69;7;4;2;2, 5
69;7;5;1;2, 5
69;8;1;1;3, 4
69;8;2;4;3, 4
69;8;3;3;3, 4
69;8;4;3;3, 4
69;8;5;2;3, 4
69;9;1;4;3, 5
69;9;2;1;3, 5
69;9;3;3;3, 5
69;9;4;2;3, 5
69;9;5;3;3, 5
69;10;1;3;4, 5
69;10;2;2;4, 5
69;10;3;4;4, 5
69;10;4;1;4, 5
69;10;5;1;4, 5
70;1;1;2;1, 2
70;1;2;2;1, 2
70;1;3;1;1, 2
70;1;4;4;1, 2
70;1;5;3;1, 2
70;2;1;3;1, 3
70;2;2;2;1, 3
70;2;3;3;1, 3
70;2;4;1;1, 3
70;2;5;4;1, 3
70;3;1;4;1, 4
70;3;2;1;1, 4
70;3;3;3;1, 4
70;3;4;4;1, 4
70;3;5;2;1, 4
70;4;1;2;1, 5
70;4;2;3;1, 5
70;4;3;4;1, 5
70;4;4;1;1, 5
70;4;5;2;1, 5
70;5;1;2;2, 3
70;5;2;1;2, 3
70;5;3;1;2, 3
70;5;4;3;2, 3
70;5;5;4;2, 3
70;6;1;4;2, 4
70;6;2;1;2, 4
70;6;3;2;2, 4
70;6;4;1;2, 4
70;6;5;3;2, 4
70;7;1;1;2, 5
70;7;2;2;2, 5
70;7;3;3;2, 5
70;7;4;4;2, 5
70;7;5;2;2, 5
70;8;1;4;3, 4
70;8;2;2;3, 4
70;8;3;3;3, 4
70;8;4;3;3, 4
70;8;5;1;3, 4
70;9;1;1;3, 5
70;9;2;4;3, 5
70;9;3;3;3, 5
70;9;4;2;3, 5
70;9;5;3;3, 5
70;10;1;3;4, 5
70;10;2;2;4, 5
70;10;3;1;4, 5
70;10;4;4;4, 5
70;10;5;4;4, 5
71;1;1;3;1, 2
71;1;2;3;1, 2
71;1;3;1;1, 2
71;1;4;4;1, 2
71;1;5;2;1, 2
71;2;1;2;1, 3
71;2;2;4;1, 3
71;2;3;2;1, 3
71;2;4;3;1, 3
71;2;5;1;1, 3
71;3;1;3;1, 4
71;3;2;4;1, 4
71;3;3;2;1, 4
71;3;4;3;1, 4
71;3;5;1;1, 4
71;4;1;1;1, 5
71;4;2;2;1, 5
71;4;3;3;1, 5
71;4;4;4;1, 5
71;4;5;1;1, 5
71;5;1;4;2, 3
71;5;2;1;2, 3
71;5;3;1;2, 3
71;5;4;3;2, 3
71;5;5;2;2, 3
71;6;1;1;2, 4
71;6;2;2;2, 4
71;6;3;3;2, 4
71;6;4;2;2, 4
71;6;5;4;2, 4
71;7;1;2;2, 5
71;7;2;4;2, 5
71;7;3;1;2, 5
71;7;4;3;2, 5
71;7;5;4;2, 5
71;8;1;3;3, 4
71;8;2;1;3, 4
71;8;3;4;3, 4
71;8;4;4;3, 4
71;8;5;2;3, 4
71;9;1;3;3, 5
71;9;2;1;3, 5
71;9;3;2;3, 5
71;9;4;4;3, 5
71;9;5;2;3, 5
71;10;1;1;4, 5
71;10;2;2;4, 5
71;10;3;4;4, 5
71;10;4;3;4, 5
71;10;5;3;4, 5
72;1;1;4;1, 2
72;1;2;4;1, 2
72;1;3;1;1, 2
72;1;4;3;1, 2
72;1;5;2;1, 2
72;2;1;2;1, 3
72;2;2;3;1, 3
72;2;3;2;1, 3
72;2;4;1;1, 3
72;2;5;4;1, 3
72;3;1;2;1, 4
72;3;2;4;1, 4
72;3;3;3;1, 4
72;3;4;2;1, 4
72;3;5;1;1, 4
72;4;1;2;1, 5
72;4;2;3;1, 5
72;4;3;4;1, 5
72;4;4;1;1, 5
72;4;5;2;1, 5
72;5;1;2;2, 3
72;5;2;3;2, 3
72;5;3;3;2, 3
72;5;4;4;2, 3
72;5;5;1;2, 3
72;6;1;3;2, 4
72;6;2;2;2, 4
72;6;3;4;2, 4
72;6;4;2;2, 4
72;6;5;1;2, 4
72;7;1;2;2, 5
72;7;2;3;2, 5
72;7;3;4;2, 5
72;7;4;1;2, 5
72;7;5;3;2, 5
72;8;1;4;3, 4
72;8;2;2;3, 4
72;8;3;1;3, 4
72;8;4;1;3, 4
72;8;5;3;3, 4
72;9;1;3;3, 5
72;9;2;1;3, 5
72;9;3;4;3, 5
72;9;4;2;3, 5
72;9;5;4;3, 5
72;10;1;3;4, 5
72;10;2;4;4, 5
72;10;3;2;4, 5
72;10;4;1;4, 5
72;10;5;1;4, 5
73;1;1;1;1, 2
73;1;2;1;1, 2
73;1;3;3;1, 2
73;1;4;2;1, 2
73;1;5;4;1, 2
73;2;1;4;1, 3
73;2;2;2;1, 3
73;2;3;4;1, 3
73;2;4;1;1, 3
73;2;5;3;1, 3
73;3;1;4;1, 4
73;3;2;1;1, 4
73;3;3;3;1, 4
73;3;4;4;1, 4
73;3;5;2;1, 4
73;4;1;1;1, 5
73;4;2;4;1, 5
73;4;3;2;1, 5
73;4;4;3;1, 5
73;4;5;1;1, 5
73;5;1;2;2, 3
73;5;2;4;2, 3
73;5;3;4;2, 3
73;5;4;1;2, 3
73;5;5;3;2, 3
73;6;1;2;2, 4
73;6;2;4;2, 4
73;6;3;3;2, 4
73;6;4;4;2, 4
73;6;5;1;2, 4
73;7;1;3;2, 5
73;7;2;1;2, 5
73;7;3;4;2, 5
73;7;4;2;2, 5
73;7;5;1;2, 5
73;8;1;1;3, 4
73;8;2;4;3, 4
73;8;3;2;3, 4
73;8;4;2;3, 4
73;8;5;3;3, 4
73;9;1;2;3, 5
73;9;2;4;3, 5
73;9;3;1;3, 5
73;9;4;3;3, 5
73;9;5;1;3, 5
73;10;1;3;4, 5
73;10;2;2;4, 5
73;10;3;1;4, 5
73;10;4;4;4, 5
73;10;5;4;4, 5
74;1;1;4;1, 2
74;1;2;4;1, 2
74;1;3;2;1, 2
74;1;4;3;1, 2
74;1;5;1;1, 2
74;2;1;1;1, 3
74;2;2;4;1, 3
74;2;3;1;1, 3
74;2;4;2;1, 3
74;2;5;3;1, 3
74;3;1;3;1, 4
74;3;2;4;1, 4
74;3;3;2;1, 4
74;3;4;3;1, 4
74;3;5;1;1, 4
74;4;1;4;1, 5
74;4;2;3;1, 5
74;4;3;1;1, 5
74;4;4;2;1, 5
74;4;5;4;1, 5
74;5;1;1;2, 3
74;5;2;2;2, 3
74;5;3;2;2, 3
74;5;4;3;2, 3
74;5;5;4;2, 3
74;6;1;4;2, 4
74;6;2;1;2, 4
74;6;3;2;2, 4
74;6;4;1;2, 4
74;6;5;3;2, 4
74;7;1;4;2, 5
74;7;2;3;2, 5
74;7;3;1;2, 5
74;7;4;2;2, 5
74;7;5;3;2, 5
74;8;1;3;3, 4
74;8;2;2;3, 4
74;8;3;4;3, 4
74;8;4;4;3, 4
74;8;5;1;3, 4
74;9;1;3;3, 5
74;9;2;4;3, 5
74;9;3;1;3, 5
74;9;4;2;3, 5
74;9;5;1;3, 5
74;10;1;4;4, 5
74;10;2;1;4, 5
74;10;3;3;4, 5
74;10;4;2;4, 5
74;10;5;2;4, 5
75;1;1;1;1, 2
75;1;2;1;1, 2
75;1;3;4;1, 2
75;1;4;2;1, 2
75;1;5;3;1, 2
75;2;1;3;1, 3
75;2;2;2;1, 3
75;2;3;3;1, 3
75;2;4;4;1, 3
75;2;5;1;1, 3
75;3;1;1;1, 4
75;3;2;3;1, 4
75;3;3;4;1, 4
75;3;4;1;1, 4
75;3;5;2;1, 4
75;4;1;1;1, 5
75;4;2;2;1, 5
75;4;3;4;1, 5
75;4;4;3;1, 5
75;4;5;1;1, 5
75;5;1;3;2, 3
75;5;2;1;2, 3
75;5;3;1;2, 3
75;5;4;4;2, 3
75;5;5;2;2, 3
75;6;1;3;2, 4
75;6;2;4;2, 4
75;6;3;2;2, 4
75;6;4;4;2, 4
75;6;5;1;2, 4
75;7;1;2;2, 5
75;7;2;4;2, 5
75;7;3;3;2, 5
75;7;4;1;2, 5
75;7;5;4;2, 5
75;8;1;3;3, 4
75;8;2;1;3, 4
75;8;3;2;3, 4
75;8;4;2;3, 4
75;8;5;4;3, 4
75;9;1;4;3, 5
75;9;2;2;3, 5
75;9;3;3;3, 5
75;9;4;1;3, 5
75;9;5;3;3, 5
75;10;1;4;4, 5
75;10;2;3;4, 5
75;10;3;2;4, 5
75;10;4;1;4, 5
75;10;5;1;4, 5
76;1;1;1;1, 2
76;1;2;1;1, 2
76;1;3;4;1, 2
76;1;4;2;1, 2
76;1;5;3;1, 2
76;2;1;4;1, 3
76;2;2;1;1, 3
76;2;3;4;1, 3
76;2;4;2;1, 3
76;2;5;3;1, 3
76;3;1;2;1, 4
76;3;2;4;1, 4
76;3;3;1;1, 4
76;3;4;2;1, 4
76;3;5;3;1, 4
76;4;1;2;1, 5
76;4;2;3;1, 5
76;4;3;1;1, 5
76;4;4;4;1, 5
76;4;5;2;1, 5
76;5;1;2;2, 3
76;5;2;1;2, 3
76;5;3;1;2, 3
76;5;4;3;2, 3
76;5;5;4;2, 3
76;6;1;4;2, 4
76;6;2;1;2, 4
76;6;3;2;2, 4
76;6;4;1;2, 4
76;6;5;3;2, 4
76;7;1;1;2, 5
76;7;2;4;2, 5
76;7;3;2;2, 5
76;7;4;3;2, 5
76;7;5;4;2, 5
76;8;1;3;3, 4
76;8;2;1;3, 4
76;8;3;4;3, 4
76;8;4;4;3, 4
76;8;5;2;3, 4
76;9;1;3;3, 5
76;9;2;1;3, 5
76;9;3;4;3, 5
76;9;4;2;3, 5
76;9;5;4;3, 5
76;10;1;1;4, 5
76;10;2;3;4, 5
76;10;3;4;4, 5
76;10;4;2;4, 5
76;10;5;2;4, 5
77;1;1;1;1, 2
77;1;2;1;1, 2
77;1;3;2;1, 2
77;1;4;4;1, 2
77;1;5;3;1, 2
77;2;1;4;1, 3
77;2;2;1;1, 3
77;2;3;4;1, 3
77;2;4;3;1, 3
77;2;5;2;1, 3
77;3;1;2;1, 4
77;3;2;3;1, 4
77;3;3;1;1, 4
77;3;4;2;1, 4
77;3;5;4;1, 4
77;4;1;3;1, 5
77;4;2;2;1, 5
77;4;3;1;1, 5
77;4;4;4;1, 5
77;4;5;3;1, 5
77;5;1;4;2, 3
77;5;2;3;2, 3
77;5;3;3;2, 3
77;5;4;2;2, 3
77;5;5;1;2, 3
77;6;1;4;2, 4
77;6;2;1;2, 4
77;6;3;2;2, 4
77;6;4;1;2, 4
77;6;5;3;2, 4
77;7;1;4;2, 5
77;7;2;1;2, 5
77;7;3;2;2, 5
77;7;4;3;2, 5
77;7;5;1;2, 5
77;8;1;3;3, 4
77;8;2;4;3, 4
77;8;3;1;3, 4
77;8;4;1;3, 4
77;8;5;2;3, 4
77;9;1;1;3, 5
77;9;2;4;3, 5
77;9;3;2;3, 5
77;9;4;3;3, 5
77;9;5;2;3, 5
77;10;1;1;4, 5
77;10;2;3;4, 5
77;10;3;2;4, 5
77;10;4;4;4, 5
77;10;5;4;4, 5
78;1;1;2;1, 2
78;1;2;2;1, 2
78;1;3;1;1, 2
78;1;4;4;1, 2
78;1;5;3;1, 2
78;2;1;1;1, 3
78;2;2;4;1, 3
78;2;3;1;1, 3
78;2;4;2;1, 3
78;2;5;3;1, 3
78;3;1;3;1, 4
78;3;2;1;1, 4
78;3;3;4;1, 4
78;3;4;3;1, 4
78;3;5;2;1, 4
78;4;1;3;1, 5
78;4;2;4;1, 5
78;4;3;2;1, 5
78;4;4;1;1, 5
78;4;5;3;1, 5
78;5;1;3;2, 3
78;5;2;4;2, 3
78;5;3;4;2, 3
78;5;4;1;2, 3
78;5;5;2;2, 3
78;6;1;2;2, 4
78;6;2;3;2, 4
78;6;3;1;2, 4
78;6;4;3;2, 4
78;6;5;4;2, 4
78;7;1;3;2, 5
78;7;2;1;2, 5
78;7;3;4;2, 5
78;7;4;2;2, 5
78;7;5;1;2, 5
78;8;1;3;3, 4
78;8;2;4;3, 4
78;8;3;1;3, 4
78;8;4;1;3, 4
78;8;5;2;3, 4
78;9;1;2;3, 5
78;9;2;1;3, 5
78;9;3;4;3, 5
78;9;4;3;3, 5
78;9;5;4;3, 5
78;10;1;1;4, 5
78;10;2;4;4, 5
78;10;3;3;4, 5
78;10;4;2;4, 5
78;10;5;2;4, 5
79;1;1;4;1, 2
79;1;2;4;1, 2
79;1;3;3;1, 2
79;1;4;1;1, 2
79;1;5;2;1, 2
79;2;1;1;1, 3
79;2;2;2;1, 3
79;2;3;1;1, 3
79;2;4;3;1, 3
79;2;5;4;1, 3
79;3;1;3;1, 4
79;3;2;2;1, 4
79;3;3;4;1, 4
79;3;4;3;1, 4
79;3;5;1;1, 4
79;4;1;4;1, 5
79;4;2;3;1, 5
79;4;3;1;1, 5
79;4;4;2;1, 5
79;4;5;4;1, 5
79;5;1;2;2, 3
79;5;2;4;2, 3
79;5;3;4;2, 3
79;5;4;1;2, 3
79;5;5;3;2, 3
79;6;1;2;2, 4
79;6;2;1;2, 4
79;6;3;3;2, 4
79;6;4;1;2, 4
79;6;5;4;2, 4
79;7;1;2;2, 5
79;7;2;4;2, 5
79;7;3;1;2, 5
79;7;4;3;2, 5
79;7;5;4;2, 5
79;8;1;2;3, 4
79;8;2;1;3, 4
79;8;3;3;3, 4
79;8;4;3;3, 4
79;8;5;4;3, 4
79;9;1;4;3, 5
79;9;2;3;3, 5
79;9;3;1;3, 5
79;9;4;2;3, 5
79;9;5;1;3, 5
79;10;1;3;4, 5
79;10;2;4;4, 5
79;10;3;1;4, 5
79;10;4;2;4, 5
79;10;5;2;4, 5
80;1;1;4;1, 2
80;1;2;4;1, 2
80;1;3;3;1, 2
80;1;4;1;1, 2
80;1;5;2;1, 2
80;2;1;3;1, 3
80;2;2;2;1, 3
80;2;3;3;1, 3
80;2;4;1;1, 3
80;2;5;4;1, 3
80;3;1;2;1, 4
80;3;2;1;1, 4
80;3;3;3;1, 4
80;3;4;2;1, 4
80;3;5;4;1, 4
80;4;1;3;1, 5
80;4;2;1;1, 5
80;4;3;2;1, 5
80;4;4;4;1, 5
80;4;5;3;1, 5
80;5;1;4;2, 3
80;5;2;1;2, 3
80;5;3;1;2, 3
80;5;4;2;2, 3
80;5;5;3;2, 3
80;6;1;3;2, 4
80;6;2;1;2, 4
80;6;3;4;2, 4
80;6;4;1;2, 4
80;6;5;2;2, 4
80;7;1;2;2, 5
80;7;2;4;2, 5
80;7;3;1;2, 5
80;7;4;3;2, 5
80;7;5;4;2, 5
80;8;1;2;3, 4
80;8;2;1;3, 4
80;8;3;4;3, 4
80;8;4;4;3, 4
80;8;5;3;3, 4
80;9;1;2;3, 5
80;9;2;1;3, 5
80;9;3;3;3, 5
80;9;4;4;3, 5
80;9;5;3;3, 5
80;10;1;3;4, 5
80;10;2;1;4, 5
80;10;3;2;4, 5
80;10;4;4;4, 5
80;10;5;4;4, 5
81;1;1;2;1, 2
81;1;2;2;1, 2
81;1;3;1;1, 2
81;1;4;3;1, 2
81;1;5;4;1, 2
81;2;1;4;1, 3
81;2;2;1;1, 3
81;2;3;4;1, 3
81;2;4;3;1, 3
81;2;5;2;1, 3
81;3;1;3;1, 4
81;3;2;2;1, 4
81;3;3;4;1, 4
81;3;4;3;1, 4
81;3;5;1;1, 4
81;4;1;4;1, 5
81;4;2;2;1, 5
81;4;3;3;1, 5
81;4;4;1;1, 5
81;4;5;4;1, 5
81;5;1;4;2, 3
81;5;2;2;2, 3
81;5;3;2;2, 3
81;5;4;3;2, 3
81;5;5;1;2, 3
81;6;1;1;2, 4
81;6;2;4;2, 4
81;6;3;3;2, 4
81;6;4;4;2, 4
81;6;5;2;2, 4
81;7;1;4;2, 5
81;7;2;1;2, 5
81;7;3;2;2, 5
81;7;4;3;2, 5
81;7;5;1;2, 5
81;8;1;4;3, 4
81;8;2;2;3, 4
81;8;3;3;3, 4
81;8;4;3;3, 4
81;8;5;1;3, 4
81;9;1;4;3, 5
81;9;2;1;3, 5
81;9;3;2;3, 5
81;9;4;3;3, 5
81;9;5;2;3, 5
81;10;1;1;4, 5
81;10;2;3;4, 5
81;10;3;4;4, 5
81;10;4;2;4, 5
81;10;5;2;4, 5
82;1;1;2;1, 2
82;1;2;2;1, 2
82;1;3;4;1, 2
82;1;4;3;1, 2
82;1;5;1;1, 2
82;2;1;3;1, 3
82;2;2;1;1, 3
82;2;3;3;1, 3
82;2;4;4;1, 3
82;2;5;2;1, 3
82;3;1;4;1, 4
82;3;2;2;1, 4
82;3;3;3;1, 4
82;3;4;4;1, 4
82;3;5;1;1, 4
82;4;1;4;1, 5
82;4;2;3;1, 5
82;4;3;1;1, 5
82;4;4;2;1, 5
82;4;5;4;1, 5
82;5;1;1;2, 3
82;5;2;3;2, 3
82;5;3;3;2, 3
82;5;4;2;2, 3
82;5;5;4;2, 3
82;6;1;2;2, 4
82;6;2;4;2, 4
82;6;3;1;2, 4
82;6;4;4;2, 4
82;6;5;3;2, 4
82;7;1;4;2, 5
82;7;2;1;2, 5
82;7;3;2;2, 5
82;7;4;3;2, 5
82;7;5;1;2, 5
82;8;1;2;3, 4
82;8;2;1;3, 4
82;8;3;3;3, 4
82;8;4;3;3, 4
82;8;5;4;3, 4
82;9;1;3;3, 5
82;9;2;4;3, 5
82;9;3;1;3, 5
82;9;4;2;3, 5
82;9;5;1;3, 5
82;10;1;4;4, 5
82;10;2;1;4, 5
82;10;3;2;4, 5
82;10;4;3;4, 5
82;10;5;3;4, 5
83;1;1;3;1, 2
83;1;2;3;1, 2
83;1;3;2;1, 2
83;1;4;1;1, 2
83;1;5;4;1, 2
83;2;1;4;1, 3
83;2;2;2;1, 3
83;2;3;4;1, 3
83;2;4;1;1, 3
83;2;5;3;1, 3
83;3;1;2;1, 4
83;3;2;3;1, 4
83;3;3;4;1, 4
83;3;4;2;1, 4
83;3;5;1;1, 4
83;4;1;1;1, 5
83;4;2;4;1, 5
83;4;3;2;1, 5
83;4;4;3;1, 5
83;4;5;1;1, 5
83;5;1;2;2, 3
83;5;2;3;2, 3
83;5;3;3;2, 3
83;5;4;1;2, 3
83;5;5;4;2, 3
83;6;1;4;2, 4
83;6;2;2;2, 4
83;6;3;1;2, 4
83;6;4;2;2, 4
83;6;5;3;2, 4
83;7;1;1;2, 5
83;7;2;4;2, 5
83;7;3;3;2, 5
83;7;4;2;2, 5
83;7;5;4;2, 5
83;8;1;2;3, 4
83;8;2;1;3, 4
83;8;3;4;3, 4
83;8;4;4;3, 4
83;8;5;3;3, 4
83;9;1;1;3, 5
83;9;2;2;3, 5
83;9;3;4;3, 5
83;9;4;3;3, 5
83;9;5;4;3, 5
83;10;1;1;4, 5
83;10;2;4;4, 5
83;10;3;2;4, 5
83;10;4;3;4, 5
83;10;5;3;4, 5
84;1;1;2;1, 2
84;1;2;2;1, 2
84;1;3;1;1, 2
84;1;4;4;1, 2
84;1;5;3;1, 2
84;2;1;4;1, 3
84;2;2;1;1, 3
84;2;3;4;1, 3
84;2;4;3;1, 3
84;2;5;2;1, 3
84;3;1;4;1, 4
84;3;2;1;1, 4
84;3;3;3;1, 4
84;3;4;4;1, 4
84;3;5;2;1, 4
84;4;1;1;1, 5
84;4;2;2;1, 5
84;4;3;3;1, 5
84;4;4;4;1, 5
84;4;5;1;1, 5
84;5;1;2;2, 3
84;5;2;3;2, 3
84;5;3;3;2, 3
84;5;4;4;2, 3
84;5;5;1;2, 3
84;6;1;4;2, 4
84;6;2;2;2, 4
84;6;3;1;2, 4
84;6;4;2;2, 4
84;6;5;3;2, 4
84;7;1;4;2, 5
84;7;2;3;2, 5
84;7;3;2;2, 5
84;7;4;1;2, 5
84;7;5;3;2, 5
84;8;1;4;3, 4
84;8;2;3;3, 4
84;8;3;2;3, 4
84;8;4;2;3, 4
84;8;5;1;3, 4
84;9;1;4;3, 5
84;9;2;1;3, 5
84;9;3;2;3, 5
84;9;4;3;3, 5
84;9;5;2;3, 5
84;10;1;4;4, 5
84;10;2;3;4, 5
84;10;3;1;4, 5
84;10;4;2;4, 5
84;10;5;2;4, 5
85;1;1;1;1, 2
85;1;2;1;1, 2
85;1;3;3;1, 2
85;1;4;4;1, 2
85;1;5;2;1, 2
85;2;1;3;1, 3
85;2;2;2;1, 3
85;2;3;3;1, 3
85;2;4;4;1, 3
85;2;5;1;1, 3
85;3;1;4;1, 4
85;3;2;1;1, 4
85;3;3;2;1, 4
85;3;4;4;1, 4
85;3;5;3;1, 4
85;4;1;1;1, 5
85;4;2;2;1, 5
85;4;3;4;1, 5
85;4;4;3;1, 5
85;4;5;1;1, 5
85;5;1;2;2, 3
85;5;2;1;2, 3
85;5;3;1;2, 3
85;5;4;3;2, 3
85;5;5;4;2, 3
85;6;1;1;2, 4
85;6;2;2;2, 4
85;6;3;3;2, 4
85;6;4;2;2, 4
85;6;5;4;2, 4
85;7;1;4;2, 5
85;7;2;2;2, 5
85;7;3;3;2, 5
85;7;4;1;2, 5
85;7;5;2;2, 5
85;8;1;3;3, 4
85;8;2;1;3, 4
85;8;3;2;3, 4
85;8;4;2;3, 4
85;8;5;4;3, 4
85;9;1;2;3, 5
85;9;2;1;3, 5
85;9;3;3;3, 5
85;9;4;4;3, 5
85;9;5;3;3, 5
85;10;1;3;4, 5
85;10;2;2;4, 5
85;10;3;1;4, 5
85;10;4;4;4, 5
85;10;5;4;4, 5
86;1;1;4;1, 2
86;1;2;4;1, 2
86;1;3;2;1, 2
86;1;4;3;1, 2
86;1;5;1;1, 2
86;2;1;3;1, 3
86;2;2;2;1, 3
86;2;3;3;1, 3
86;2;4;1;1, 3
86;2;5;4;1, 3
86;3;1;3;1, 4
86;3;2;2;1, 4
86;3;3;1;1, 4
86;3;4;3;1, 4
86;3;5;4;1, 4
86;4;1;3;1, 5
86;4;2;1;1, 5
86;4;3;4;1, 5
86;4;4;2;1, 5
86;4;5;3;1, 5
86;5;1;2;2, 3
86;5;2;4;2, 3
86;5;3;4;2, 3
86;5;4;3;2, 3
86;5;5;1;2, 3
86;6;1;2;2, 4
86;6;2;4;2, 4
86;6;3;3;2, 4
86;6;4;4;2, 4
86;6;5;1;2, 4
86;7;1;4;2, 5
86;7;2;3;2, 5
86;7;3;1;2, 5
86;7;4;2;2, 5
86;7;5;3;2, 5
86;8;1;4;3, 4
86;8;2;3;3, 4
86;8;3;2;3, 4
86;8;4;2;3, 4
86;8;5;1;3, 4
86;9;1;1;3, 5
86;9;2;4;3, 5
86;9;3;2;3, 5
86;9;4;3;3, 5
86;9;5;2;3, 5
86;10;1;2;4, 5
86;10;2;4;4, 5
86;10;3;3;4, 5
86;10;4;1;4, 5
86;10;5;1;4, 5
87;1;1;3;1, 2
87;1;2;3;1, 2
87;1;3;2;1, 2
87;1;4;4;1, 2
87;1;5;1;1, 2
87;2;1;3;1, 3
87;2;2;4;1, 3
87;2;3;3;1, 3
87;2;4;1;1, 3
87;2;5;2;1, 3
87;3;1;2;1, 4
87;3;2;3;1, 4
87;3;3;1;1, 4
87;3;4;2;1, 4
87;3;5;4;1, 4
87;4;1;1;1, 5
87;4;2;3;1, 5
87;4;3;4;1, 5
87;4;4;2;1, 5
87;4;5;1;1, 5
87;5;1;2;2, 3
87;5;2;3;2, 3
87;5;3;3;2, 3
87;5;4;4;2, 3
87;5;5;1;2, 3
87;6;1;4;2, 4
87;6;2;2;2, 4
87;6;3;3;2, 4
87;6;4;2;2, 4
87;6;5;1;2, 4
87;7;1;4;2, 5
87;7;2;1;2, 5
87;7;3;2;2, 5
87;7;4;3;2, 5
87;7;5;1;2, 5
87;8;1;2;3, 4
87;8;2;3;3, 4
87;8;3;1;3, 4
87;8;4;1;3, 4
87;8;5;4;3, 4
87;9;1;3;3, 5
87;9;2;4;3, 5
87;9;3;1;3, 5
87;9;4;2;3, 5
87;9;5;1;3, 5
87;10;1;3;4, 5
87;10;2;2;4, 5
87;10;3;4;4, 5
87;10;4;1;4, 5
87;10;5;1;4, 5
88;1;1;2;1, 2
88;1;2;2;1, 2
88;1;3;1;1, 2
88;1;4;4;1, 2
88;1;5;3;1, 2
88;2;1;2;1, 3
88;2;2;4;1, 3
88;2;3;2;1, 3
88;2;4;1;1, 3
88;2;5;3;1, 3
88;3;1;4;1, 4
88;3;2;3;1, 4
88;3;3;2;1, 4
88;3;4;4;1, 4
88;3;5;1;1, 4
88;4;1;4;1, 5
88;4;2;2;1, 5
88;4;3;1;1, 5
88;4;4;3;1, 5
88;4;5;4;1, 5
88;5;1;2;2, 3
88;5;2;1;2, 3
88;5;3;1;2, 3
88;5;4;3;2, 3
88;5;5;4;2, 3
88;6;1;4;2, 4
88;6;2;1;2, 4
88;6;3;2;2, 4
88;6;4;1;2, 4
88;6;5;3;2, 4
88;7;1;3;2, 5
88;7;2;2;2, 5
88;7;3;4;2, 5
88;7;4;1;2, 5
88;7;5;2;2, 5
88;8;1;3;3, 4
88;8;2;1;3, 4
88;8;3;4;3, 4
88;8;4;4;3, 4
88;8;5;2;3, 4
88;9;1;3;3, 5
88;9;2;2;3, 5
88;9;3;4;3, 5
88;9;4;1;3, 5
88;9;5;4;3, 5
88;10;1;4;4, 5
88;10;2;3;4, 5
88;10;3;2;4, 5
88;10;4;1;4, 5
88;10;5;1;4, 5
89;1;1;3;1, 2
89;1;2;3;1, 2
89;1;3;1;1, 2
89;1;4;4;1, 2
89;1;5;2;1, 2
89;2;1;3;1, 3
89;2;2;4;1, 3
89;2;3;3;1, 3
89;2;4;1;1, 3
89;2;5;2;1, 3
89;3;1;2;1, 4
89;3;2;1;1, 4
89;3;3;3;1, 4
89;3;4;2;1, 4
89;3;5;4;1, 4
89;4;1;2;1, 5
89;4;2;4;1, 5
89;4;3;3;1, 5
89;4;4;1;1, 5
89;4;5;2;1, 5
89;5;1;3;2, 3
89;5;2;2;2, 3
89;5;3;2;2, 3
89;5;4;1;2, 3
89;5;5;4;2, 3
89;6;1;3;2, 4
89;6;2;2;2, 4
89;6;3;4;2, 4
89;6;4;2;2, 4
89;6;5;1;2, 4
89;7;1;3;2, 5
89;7;2;1;2, 5
89;7;3;4;2, 5
89;7;4;2;2, 5
89;7;5;1;2, 5
89;8;1;4;3, 4
89;8;2;3;3, 4
89;8;3;1;3, 4
89;8;4;1;3, 4
89;8;5;2;3, 4
89;9;1;4;3, 5
89;9;2;2;3, 5
89;9;3;3;3, 5
89;9;4;1;3, 5
89;9;5;3;3, 5
89;10;1;3;4, 5
89;10;2;2;4, 5
89;10;3;4;4, 5
89;10;4;1;4, 5
89;10;5;1;4, 5
90;1;1;1;1, 2
90;1;2;1;1, 2
90;1;3;3;1, 2
90;1;4;2;1, 2
90;1;5;4;1, 2
90;2;1;1;1, 3
90;2;2;3;1, 3
90;2;3;1;1, 3
90;2;4;2;1, 3
90;2;5;4;1, 3
90;3;1;2;1, 4
90;3;2;1;1, 4
90;3;3;4;1, 4
90;3;4;2;1, 4
90;3;5;3;1, 4
90;4;1;3;1, 5
90;4;2;1;1, 5
90;4;3;2;1, 5
90;4;4;4;1, 5
90;4;5;3;1, 5
90;5;1;4;2, 3
90;5;2;3;2, 3
90;5;3;3;2, 3
90;5;4;2;2, 3
90;5;5;1;2, 3
90;6;1;2;2, 4
90;6;2;4;2, 4
90;6;3;1;2, 4
90;6;4;4;2, 4
90;6;5;3;2, 4
90;7;1;3;2, 5
90;7;2;1;2, 5
90;7;3;4;2, 5
90;7;4;2;2, 5
90;7;5;1;2, 5
90;8;1;1;3, 4
90;8;2;3;3, 4
90;8;3;4;3, 4
90;8;4;4;3, 4
90;8;5;2;3, 4
90;9;1;4;3, 5
90;9;2;3;3, 5
90;9;3;1;3, 5
90;9;4;2;3, 5
90;9;5;1;3, 5
90;10;1;1;4, 5
90;10;2;4;4, 5
90;10;3;2;4, 5
90;10;4;3;4, 5
90;10;5;3;4, 5
91;1;1;2;1, 2
91;1;2;2;1, 2
91;1;3;4;1, 2
91;1;4;3;1, 2
91;1;5;1;1, 2
91;2;1;4;1, 3
91;2;2;2;1, 3
91;2;3;4;1, 3
91;2;4;3;1, 3
91;2;5;1;1, 3
91;3;1;3;1, 4
91;3;2;2;1, 4
91;3;3;4;1, 4
91;3;4;3;1, 4
91;3;5;1;1, 4
91;4;1;1;1, 5
91;4;2;4;1, 5
91;4;3;2;1, 5
91;4;4;3;1, 5
91;4;5;1;1, 5
91;5;1;4;2, 3
91;5;2;2;2, 3
91;5;3;2;2, 3
91;5;4;3;2, 3
91;5;5;1;2, 3
91;6;1;4;2, 4
91;6;2;1;2, 4
91;6;3;2;2, 4
91;6;4;1;2, 4
91;6;5;3;2, 4
91;7;1;3;2, 5
91;7;2;2;2, 5
91;7;3;1;2, 5
91;7;4;4;2, 5
91;7;5;2;2, 5
91;8;1;3;3, 4
91;8;2;4;3, 4
91;8;3;1;3, 4
91;8;4;1;3, 4
91;8;5;2;3, 4
91;9;1;2;3, 5
91;9;2;4;3, 5
91;9;3;1;3, 5
91;9;4;3;3, 5
91;9;5;1;3, 5
91;10;1;3;4, 5
91;10;2;4;4, 5
91;10;3;2;4, 5
91;10;4;1;4, 5
91;10;5;1;4, 5
92;1;1;2;1, 2
92;1;2;2;1, 2
92;1;3;4;1, 2
92;1;4;1;1, 2
92;1;5;3;1, 2
92;2;1;2;1, 3
92;2;2;1;1, 3
92;2;3;2;1, 3
92;2;4;4;1, 3
92;2;5;3;1, 3
92;3;1;4;1, 4
92;3;2;3;1, 4
92;3;3;2;1, 4
92;3;4;4;1, 4
92;3;5;1;1, 4
92;4;1;3;1, 5
92;4;2;2;1, 5
92;4;3;4;1, 5
92;4;4;1;1, 5
92;4;5;3;1, 5
92;5;1;2;2, 3
92;5;2;3;2, 3
92;5;3;3;2, 3
92;5;4;1;2, 3
92;5;5;4;2, 3
92;6;1;4;2, 4
92;6;2;3;2, 4
92;6;3;2;2, 4
92;6;4;3;2, 4
92;6;5;1;2, 4
92;7;1;2;2, 5
92;7;2;1;2, 5
92;7;3;4;2, 5
92;7;4;3;2, 5
92;7;5;1;2, 5
92;8;1;3;3, 4
92;8;2;1;3, 4
92;8;3;2;3, 4
92;8;4;2;3, 4
92;8;5;4;3, 4
92;9;1;2;3, 5
92;9;2;4;3, 5
92;9;3;1;3, 5
92;9;4;3;3, 5
92;9;5;1;3, 5
92;10;1;3;4, 5
92;10;2;4;4, 5
92;10;3;1;4, 5
92;10;4;2;4, 5
92;10;5;2;4, 5
93;1;1;2;1, 2
93;1;2;2;1, 2
93;1;3;1;1, 2
93;1;4;4;1, 2
93;1;5;3;1, 2
93;2;1;4;1, 3
93;2;2;3;1, 3
93;2;3;4;1, 3
93;2;4;2;1, 3
93;2;5;1;1, 3
93;3;1;2;1, 4
93;3;2;4;1, 4
93;3;3;1;1, 4
93;3;4;2;1, 4
93;3;5;3;1, 4
93;4;1;1;1, 5
93;4;2;3;1, 5
93;4;3;4;1, 5
93;4;4;2;1, 5
93;4;5;1;1, 5
93;5;1;1;2, 3
93;5;2;2;2, 3
93;5;3;2;2, 3
93;5;4;3;2, 3
93;5;5;4;2, 3
93;6;1;3;2, 4
93;6;2;4;2, 4
93;6;3;1;2, 4
93;6;4;4;2, 4
93;6;5;2;2, 4
93;7;1;2;2, 5
93;7;2;4;2, 5
93;7;3;3;2, 5
93;7;4;1;2, 5
93;7;5;4;2, 5
93;8;1;2;3, 4
93;8;2;1;3, 4
93;8;3;3;3, 4
93;8;4;3;3, 4
93;8;5;4;3, 4
93;9;1;1;3, 5
93;9;2;4;3, 5
93;9;3;2;3, 5
93;9;4;3;3, 5
93;9;5;2;3, 5
93;10;1;3;4, 5
93;10;2;1;4, 5
93;10;3;2;4, 5
93;10;4;4;4, 5
93;10;5;4;4, 5
94;1;1;3;1, 2
94;1;2;3;1, 2
94;1;3;1;1, 2
94;1;4;4;1, 2
94;1;5;2;1, 2
94;2;1;4;1, 3
94;2;2;3;1, 3
94;2;3;4;1, 3
94;2;4;1;1, 3
94;2;5;2;1, 3
94;3;1;4;1, 4
94;3;2;2;1, 4
94;3;3;3;1, 4
94;3;4;4;1, 4
94;3;5;1;1, 4
94;4;1;4;1, 5
94;4;2;1;1, 5
94;4;3;3;1, 5
94;4;4;2;1, 5
94;4;5;4;1, 5
94;5;1;3;2, 3
94;5;2;1;2, 3
94;5;3;1;2, 3
94;5;4;4;2, 3
94;5;5;2;2, 3
94;6;1;1;2, 4
94;6;2;2;2, 4
94;6;3;4;2, 4
94;6;4;2;2, 4
94;6;5;3;2, 4
94;7;1;3;2, 5
94;7;2;2;2, 5
94;7;3;1;2, 5
94;7;4;4;2, 5
94;7;5;2;2, 5
94;8;1;4;3, 4
94;8;2;3;3, 4
94;8;3;2;3, 4
94;8;4;2;3, 4
94;8;5;1;3, 4
94;9;1;1;3, 5
94;9;2;4;3, 5
94;9;3;3;3, 5
94;9;4;2;3, 5
94;9;5;3;3, 5
94;10;1;3;4, 5
94;10;2;2;4, 5
94;10;3;1;4, 5
94;10;4;4;4, 5
94;10;5;4;4, 5
95;1;1;3;1, 2
95;1;2;3;1, 2
95;1;3;4;1, 2
95;1;4;1;1, 2
95;1;5;2;1, 2
95;2;1;3;1, 3
95;2;2;1;1, 3
95;2;3;3;1, 3
95;2;4;4;1, 3
95;2;5;2;1, 3
95;3;1;2;1, 4
95;3;2;1;1, 4
95;3;3;3;1, 4
95;3;4;2;1, 4
95;3;5;4;1, 4
95;4;1;1;1, 5
95;4;2;3;1, 5
95;4;3;4;1, 5
95;4;4;2;1, 5
95;4;5;1;1, 5
95;5;1;4;2, 3
95;5;2;2;2, 3
95;5;3;2;2, 3
95;5;4;3;2, 3
95;5;5;1;2, 3
95;6;1;2;2, 4
95;6;2;3;2, 4
95;6;3;1;2, 4
95;6;4;3;2, 4
95;6;5;4;2, 4
95;7;1;4;2, 5
95;7;2;2;2, 5
95;7;3;3;2, 5
95;7;4;1;2, 5
95;7;5;2;2, 5
95;8;1;4;3, 4
95;8;2;1;3, 4
95;8;3;2;3, 4
95;8;4;2;3, 4
95;8;5;3;3, 4
95;9;1;3;3, 5
95;9;2;2;3, 5
95;9;3;1;3, 5
95;9;4;4;3, 5
95;9;5;1;3, 5
95;10;1;4;4, 5
95;10;2;3;4, 5
95;10;3;1;4, 5
95;10;4;2;4, 5
95;10;5;2;4, 5
96;1;1;1;1, 2
96;1;2;1;1, 2
96;1;3;4;1, 2
96;1;4;3;1, 2
96;1;5;2;1, 2
96;2;1;4;1, 3
96;2;2;3;1, 3
96;2;3;4;1, 3
96;2;4;2;1, 3
96;2;5;1;1, 3
96;3;1;1;1, 4
96;3;2;4;1, 4
96;3;3;2;1, 4
96;3;4;1;1, 4
96;3;5;3;1, 4
96;4;1;2;1, 5
96;4;2;3;1, 5
96;4;3;1;1, 5
96;4;4;4;1, 5
96;4;5;2;1, 5
96;5;1;1;2, 3
96;5;2;2;2, 3
96;5;3;2;2, 3
96;5;4;3;2, 3
96;5;5;4;2, 3
96;6;1;2;2, 4
96;6;2;3;2, 4
96;6;3;4;2, 4
96;6;4;3;2, 4
96;6;5;1;2, 4
96;7;1;2;2, 5
96;7;2;4;2, 5
96;7;3;3;2, 5
96;7;4;1;2, 5
96;7;5;4;2, 5
96;8;1;3;3, 4
96;8;2;1;3, 4
96;8;3;4;3, 4
96;8;4;4;3, 4
96;8;5;2;3, 4
96;9;1;4;3, 5
96;9;2;2;3, 5
96;9;3;1;3, 5
96;9;4;3;3, 5
96;9;5;1;3, 5
96;10;1;3;4, 5
96;10;2;1;4, 5
96;10;3;2;4, 5
96;10;4;4;4, 5
96;10;5;4;4, 5
97;1;1;1;1, 2
97;1;2;1;1, 2
97;1;3;4;1, 2
97;1;4;2;1, 2
97;1;5;3;1, 2
97;2;1;1;1, 3
97;2;2;4;1, 3
97;2;3;1;1, 3
97;2;4;3;1, 3
97;2;5;2;1, 3
97;3;1;1;1, 4
97;3;2;4;1, 4
97;3;3;2;1, 4
97;3;4;1;1, 4
97;3;5;3;1, 4
97;4;1;4;1, 5
97;4;2;3;1, 5
97;4;3;1;1, 5
97;4;4;2;1, 5
97;4;5;4;1, 5
97;5;1;4;2, 3
97;5;2;3;2, 3
97;5;3;3;2, 3
97;5;4;1;2, 3
97;5;5;2;2, 3
97;6;1;2;2, 4
97;6;2;3;2, 4
97;6;3;1;2, 4
97;6;4;3;2, 4
97;6;5;4;2, 4
97;7;1;3;2, 5
97;7;2;2;2, 5
97;7;3;4;2, 5
97;7;4;1;2, 5
97;7;5;2;2, 5
97;8;1;3;3, 4
97;8;2;4;3, 4
97;8;3;2;3, 4
97;8;4;2;3, 4
97;8;5;1;3, 4
97;9;1;1;3, 5
97;9;2;2;3, 5
97;9;3;4;3, 5
97;9;4;3;3, 5
97;9;5;4;3, 5
97;10;1;4;4, 5
97;10;2;3;4, 5
97;10;3;1;4, 5
97;10;4;2;4, 5
97;10;5;2;4, 5
98;1;1;1;1, 2
98;1;2;1;1, 2
98;1;3;2;1, 2
98;1;4;3;1, 2
98;1;5;4;1, 2
98;2;1;3;1, 3
98;2;2;4;1, 3
98;2;3;3;1, 3
98;2;4;2;1, 3
98;2;5;1;1, 3
98;3;1;4;1, 4
98;3;2;1;1, 4
98;3;3;2;1, 4
98;3;4;4;1, 4
98;3;5;3;1, 4
98;4;1;1;1, 5
98;4;2;4;1, 5
98;4;3;3;1, 5
98;4;4;2;1, 5
98;4;5;1;1, 5
98;5;1;3;2, 3
98;5;2;1;2, 3
98;5;3;1;2, 3
98;5;4;2;2, 3
98;5;5;4;2, 3
98;6;1;1;2, 4
98;6;2;4;2, 4
98;6;3;3;2, 4
98;6;4;4;2, 4
98;6;5;2;2, 4
98;7;1;1;2, 5
98;7;2;3;2, 5
98;7;3;4;2, 5
98;7;4;2;2, 5
98;7;5;3;2, 5
98;8;1;2;3, 4
98;8;2;3;3, 4
98;8;3;1;3, 4
98;8;4;1;3, 4
98;8;5;4;3, 4
98;9;1;4;3, 5
98;9;2;2;3, 5
98;9;3;1;3, 5
98;9;4;3;3, 5
98;9;5;1;3, 5
98;10;1;1;4, 5
98;10;2;4;4, 5
98;10;3;2;4, 5
98;10;4;3;4, 5
98;10;5;3;4, 5
99;1;1;2;1, 2
99;1;2;2;1, 2
99;1;3;3;1, 2
99;1;4;4;1, 2
99;1;5;1;1, 2
99;2;1;1;1, 3
99;2;2;2;1, 3
99;2;3;1;1, 3
99;2;4;3;1, 3
99;2;5;4;1, 3
99;3;1;2;1, 4
99;3;2;3;1, 4
99;3;3;4;1, 4
99;3;4;2;1, 4
99;3;5;1;1, 4
99;4;1;2;1, 5
99;4;2;3;1, 5
99;4;3;4;1, 5
99;4;4;1;1, 5
99;4;5;2;1, 5
99;5;1;1;2, 3
99;5;2;2;2, 3
99;5;3;2;2, 3
99;5;4;3;2, 3
99;5;5;4;2, 3
99;6;1;2;2, 4
99;6;2;4;2, 4
99;6;3;1;2, 4
99;6;4;4;2, 4
99;6;5;3;2, 4
99;7;1;4;2, 5
99;7;2;3;2, 5
99;7;3;1;2, 5
99;7;4;2;2, 5
99;7;5;3;2, 5
99;8;1;3;3, 4
99;8;2;1;3, 4
99;8;3;4;3, 4
99;8;4;4;3, 4
99;8;5;2;3, 4
99;9;1;1;3, 5
99;9;2;2;3, 5
99;9;3;4;3, 5
99;9;4;3;3, 5
99;9;5;4;3, 5
99;10;1;1;4, 5
99;10;2;2;4, 5
99;10;3;4;4, 5
99;10;4;3;4, 5
99;10;5;3;4, 5
100;1;1;3;1, 2
100;1;2;3;1, 2
100;1;3;2;1, 2
100;1;4;1;1, 2
100;1;5;4;1, 2
100;2;1;4;1, 3
100;2;2;1;1, 3
100;2;3;4;1, 3
100;2;4;3;1, 3
100;2;5;2;1, 3
100;3;1;3;1, 4
100;3;2;1;1, 4
100;3;3;2;1, 4
100;3;4;3;1, 4
100;3;5;4;1, 4
100;4;1;1;1, 5
100;4;2;2;1, 5
100;4;3;3;1, 5
100;4;4;4;1, 5
100;4;5;1;1, 5
100;5;1;2;2, 3
100;5;2;3;2, 3
100;5;3;3;2, 3
100;5;4;1;2, 3
100;5;5;4;2, 3
100;6;1;1;2, 4
100;6;2;3;2, 4
100;6;3;2;2, 4
100;6;4;3;2, 4
100;6;5;4;2, 4
100;7;1;4;2, 5
100;7;2;1;2, 5
100;7;3;3;2, 5
100;7;4;2;2, 5
100;7;5;1;2, 5
100;8;1;1;3, 4
100;8;2;4;3, 4
100;8;3;2;3, 4
100;8;4;2;3, 4
100;8;5;3;3, 4
100;9;1;2;3, 5
100;9;2;3;3, 5
100;9;3;4;3, 5
100;9;4;1;3, 5
100;9;5;4;3, 5
100;10;1;2;4, 5
100;10;2;1;4, 5
100;10;3;3;4, 5
100;10;4;4;4, 5
100;10;5;4;4, 5
101;1;1;2;1, 2
101;1;2;2;1, 2
101;1;3;1;1, 2
101;1;4;4;1, 2
101;1;5;3;1, 2
101;2;1;4;1, 3
101;2;2;2;1, 3
101;2;3;4;1, 3
101;2;4;3;1, 3
101;2;5;1;1, 3
101;3;1;3;1, 4
101;3;2;1;1, 4
101;3;3;4;1, 4
101;3;4;3;1, 4
101;3;5;2;1, 4
101;4;1;2;1, 5
101;4;2;1;1, 5
101;4;3;4;1, 5
101;4;4;3;1, 5
101;4;5;2;1, 5
101;5;1;4;2, 3
101;5;2;2;2, 3
101;5;3;2;2, 3
101;5;4;1;2, 3
101;5;5;3;2, 3
101;6;1;3;2, 4
101;6;2;1;2, 4
101;6;3;2;2, 4
101;6;4;1;2, 4
101;6;5;4;2, 4
101;7;1;4;2, 5
101;7;2;2;2, 5
101;7;3;3;2, 5
101;7;4;1;2, 5
101;7;5;2;2, 5
101;8;1;1;3, 4
101;8;2;2;3, 4
101;8;3;4;3, 4
101;8;4;4;3, 4
101;8;5;3;3, 4
101;9;1;3;3, 5
101;9;2;4;3, 5
101;9;3;2;3, 5
101;9;4;1;3, 5
101;9;5;2;3, 5
101;10;1;4;4, 5
101;10;2;1;4, 5
101;10;3;3;4, 5
101;10;4;2;4, 5
101;10;5;2;4, 5
102;1;1;1;1, 2
102;1;2;1;1, 2
102;1;3;2;1, 2
102;1;4;3;1, 2
102;1;5;4;1, 2
102;2;1;1;1, 3
102;2;2;4;1, 3
102;2;3;1;1, 3
102;2;4;2;1, 3
102;2;5;3;1, 3
102;3;1;2;1, 4
102;3;2;4;1, 4
102;3;3;1;1, 4
102;3;4;2;1, 4
102;3;5;3;1, 4
102;4;1;4;1, 5
102;4;2;2;1, 5
102;4;3;3;1, 5
102;4;4;1;1, 5
102;4;5;4;1, 5
102;5;1;3;2, 3
102;5;2;4;2, 3
102;5;3;4;2, 3
102;5;4;2;2, 3
102;5;5;1;2, 3
102;6;1;2;2, 4
102;6;2;1;2, 4
102;6;3;3;2, 4
102;6;4;1;2, 4
102;6;5;4;2, 4
102;7;1;2;2, 5
102;7;2;3;2, 5
102;7;3;1;2, 5
102;7;4;4;2, 5
102;7;5;3;2, 5
102;8;1;4;3, 4
102;8;2;2;3, 4
102;8;3;3;3, 4
102;8;4;3;3, 4
102;8;5;1;3, 4
102;9;1;1;3, 5
102;9;2;4;3, 5
102;9;3;2;3, 5
102;9;4;3;3, 5
102;9;5;2;3, 5
102;10;1;2;4, 5
102;10;2;3;4, 5
102;10;3;4;4, 5
102;10;4;1;4, 5
102;10;5;1;4, 5
103;1;1;4;1, 2
103;1;2;4;1, 2
103;1;3;2;1, 2
103;1;4;3;1, 2
103;1;5;1;1, 2
103;2;1;3;1, 3
103;2;2;1;1, 3
103;2;3;3;1, 3
103;2;4;2;1, 3
103;2;5;4;1, 3
103;3;1;2;1, 4
103;3;2;1;1, 4
103;3;3;4;1, 4
103;3;4;2;1, 4
103;3;5;3;1, 4
103;4;1;3;1, 5
103;4;2;1;1, 5
103;4;3;4;1, 5
103;4;4;2;1, 5
103;4;5;3;1, 5
103;5;1;3;2, 3
103;5;2;1;2, 3
103;5;3;1;2, 3
103;5;4;4;2, 3
103;5;5;2;2, 3
103;6;1;1;2, 4
103;6;2;2;2, 4
103;6;3;4;2, 4
103;6;4;2;2, 4
103;6;5;3;2, 4
103;7;1;1;2, 5
103;7;2;4;2, 5
103;7;3;3;2, 5
103;7;4;2;2, 5
103;7;5;4;2, 5
103;8;1;4;3, 4
103;8;2;3;3, 4
103;8;3;2;3, 4
103;8;4;2;3, 4
103;8;5;1;3, 4
103;9;1;1;3, 5
103;9;2;4;3, 5
103;9;3;2;3, 5
103;9;4;3;3, 5
103;9;5;2;3, 5
103;10;1;4;4, 5
103;10;2;2;4, 5
103;10;3;3;4, 5
103;10;4;1;4, 5
103;10;5;1;4, 5
104;1;1;4;1, 2
104;1;2;4;1, 2
104;1;3;2;1, 2
104;1;4;3;1, 2
104;1;5;1;1, 2
104;2;1;3;1, 3
104;2;2;2;1, 3
104;2;3;3;1, 3
104;2;4;1;1, 3
104;2;5;4;1, 3
104;3;1;3;1, 4
104;3;2;4;1, 4
104;3;3;2;1, 4
104;3;4;3;1, 4
104;3;5;1;1, 4
104;4;1;2;1, 5
104;4;2;1;1, 5
104;4;3;4;1, 5
104;4;4;3;1, 5
104;4;5;2;1, 5
104;5;1;2;2, 3
104;5;2;3;2, 3
104;5;3;3;2, 3
104;5;4;1;2, 3
104;5;5;4;2, 3
104;6;1;2;2, 4
104;6;2;1;2, 4
104;6;3;4;2, 4
104;6;4;1;2, 4
104;6;5;3;2, 4
104;7;1;4;2, 5
104;7;2;1;2, 5
104;7;3;2;2, 5
104;7;4;3;2, 5
104;7;5;1;2, 5
104;8;1;4;3, 4
104;8;2;2;3, 4
104;8;3;1;3, 4
104;8;4;1;3, 4
104;8;5;3;3, 4
104;9;1;3;3, 5
104;9;2;4;3, 5
104;9;3;2;3, 5
104;9;4;1;3, 5
104;9;5;2;3, 5
104;10;1;3;4, 5
104;10;2;1;4, 5
104;10;3;2;4, 5
104;10;4;4;4, 5
104;10;5;4;4, 5
105;1;1;4;1, 2
105;1;2;4;1, 2
105;1;3;1;1, 2
105;1;4;2;1, 2
105;1;5;3;1, 2
105;2;1;4;1, 3
105;2;2;1;1, 3
105;2;3;4;1, 3
105;2;4;2;1, 3
105;2;5;3;1, 3
105;3;1;1;1, 4
105;3;2;2;1, 4
105;3;3;3;1, 4
105;3;4;1;1, 4
105;3;5;4;1, 4
105;4;1;4;1, 5
105;4;2;2;1, 5
105;4;3;3;1, 5
105;4;4;1;1, 5
105;4;5;4;1, 5
105;5;1;4;2, 3
105;5;2;3;2, 3
105;5;3;3;2, 3
105;5;4;1;2, 3
105;5;5;2;2, 3
105;6;1;3;2, 4
105;6;2;4;2, 4
105;6;3;2;2, 4
105;6;4;4;2, 4
105;6;5;1;2, 4
105;7;1;4;2, 5
105;7;2;2;2, 5
105;7;3;1;2, 5
105;7;4;3;2, 5
105;7;5;2;2, 5
105;8;1;1;3, 4
105;8;2;2;3, 4
105;8;3;3;3, 4
105;8;4;3;3, 4
105;8;5;4;3, 4
105;9;1;3;3, 5
105;9;2;2;3, 5
105;9;3;1;3, 5
105;9;4;4;3, 5
105;9;5;1;3, 5
105;10;1;4;4, 5
105;10;2;3;4, 5
105;10;3;2;4, 5
105;10;4;1;4, 5
105;10;5;1;4, 5
106;1;1;3;1, 2
106;1;2;3;1, 2
106;1;3;2;1, 2
106;1;4;4;1, 2
106;1;5;1;1, 2
106;2;1;1;1, 3
106;2;2;4;1, 3
106;2;3;1;1, 3
106;2;4;3;1, 3
106;2;5;2;1, 3
106;3;1;4;1, 4
106;3;2;1;1, 4
106;3;3;2;1, 4
106;3;4;4;1, 4
106;3;5;3;1, 4
106;4;1;4;1, 5
106;4;2;3;1, 5
106;4;3;1;1, 5
106;4;4;2;1, 5
106;4;5;4;1, 5
106;5;1;2;2, 3
106;5;2;4;2, 3
106;5;3;4;2, 3
106;5;4;3;2, 3
106;5;5;1;2, 3
106;6;1;3;2, 4
106;6;2;4;2, 4
106;6;3;2;2, 4
106;6;4;4;2, 4
106;6;5;1;2, 4
106;7;1;2;2, 5
106;7;2;1;2, 5
106;7;3;3;2, 5
106;7;4;4;2, 5
106;7;5;1;2, 5
106;8;1;2;3, 4
106;8;2;1;3, 4
106;8;3;3;3, 4
106;8;4;3;3, 4
106;8;5;4;3, 4
106;9;1;3;3, 5
106;9;2;1;3, 5
106;9;3;2;3, 5
106;9;4;4;3, 5
106;9;5;2;3, 5
106;10;1;4;4, 5
106;10;2;2;4, 5
106;10;3;3;4, 5
106;10;4;1;4, 5
106;10;5;1;4, 5
107;1;1;1;1, 2
107;1;2;1;1, 2
107;1;3;2;1, 2
107;1;4;3;1, 2
107;1;5;4;1, 2
107;2;1;2;1, 3
107;2;2;4;1, 3
107;2;3;2;1, 3
107;2;4;3;1, 3
107;2;5;1;1, 3
107;3;1;4;1, 4
107;3;2;1;1, 4
107;3;3;3;1, 4
107;3;4;4;1, 4
107;3;5;2;1, 4
107;4;1;3;1, 5
107;4;2;1;1, 5
107;4;3;4;1, 5
107;4;4;2;1, 5
107;4;5;3;1, 5
107;5;1;3;2, 3
107;5;2;4;2, 3
107;5;3;4;2, 3
107;5;4;2;2, 3
107;5;5;1;2, 3
107;6;1;3;2, 4
107;6;2;1;2, 4
107;6;3;2;2, 4
107;6;4;1;2, 4
107;6;5;4;2, 4
107;7;1;2;2, 5
107;7;2;3;2, 5
107;7;3;4;2, 5
107;7;4;1;2, 5
107;7;5;3;2, 5
107;8;1;4;3, 4
107;8;2;2;3, 4
107;8;3;1;3, 4
107;8;4;1;3, 4
107;8;5;3;3, 4
107;9;1;4;3, 5
107;9;2;2;3, 5
107;9;3;1;3, 5
107;9;4;3;3, 5
107;9;5;1;3, 5
107;10;1;3;4, 5
107;10;2;2;4, 5
107;10;3;4;4, 5
107;10;4;1;4, 5
107;10;5;1;4, 5
108;1;1;2;1, 2
108;1;2;2;1, 2
108;1;3;3;1, 2
108;1;4;1;1, 2
108;1;5;4;1, 2
108;2;1;1;1, 3
108;2;2;2;1, 3
108;2;3;1;1, 3
108;2;4;3;1, 3
108;2;5;4;1, 3
108;3;1;2;1, 4
108;3;2;1;1, 4
108;3;3;3;1, 4
108;3;4;2;1, 4
108;3;5;4;1, 4
108;4;1;2;1, 5
108;4;2;1;1, 5
108;4;3;3;1, 5
108;4;4;4;1, 5
108;4;5;2;1, 5
108;5;1;2;2, 3
108;5;2;1;2, 3
108;5;3;1;2, 3
108;5;4;4;2, 3
108;5;5;3;2, 3
108;6;1;4;2, 4
108;6;2;3;2, 4
108;6;3;2;2, 4
108;6;4;3;2, 4
108;6;5;1;2, 4
108;7;1;1;2, 5
108;7;2;4;2, 5
108;7;3;3;2, 5
108;7;4;2;2, 5
108;7;5;4;2, 5
108;8;1;2;3, 4
108;8;2;3;3, 4
108;8;3;1;3, 4
108;8;4;1;3, 4
108;8;5;4;3, 4
108;9;1;4;3, 5
108;9;2;1;3, 5
108;9;3;2;3, 5
108;9;4;3;3, 5
108;9;5;2;3, 5
108;10;1;4;4, 5
108;10;2;3;4, 5
108;10;3;2;4, 5
108;10;4;1;4, 5
108;10;5;1;4, 5
109;1;1;3;1, 2
109;1;2;3;1, 2
109;1;3;2;1, 2
109;1;4;4;1, 2
109;1;5;1;1, 2
109;2;1;2;1, 3
109;2;2;4;1, 3
109;2;3;2;1, 3
109;2;4;1;1, 3
109;2;5;3;1, 3
109;3;1;2;1, 4
109;3;2;1;1, 4
109;3;3;3;1, 4
109;3;4;2;1, 4
109;3;5;4;1, 4
109;4;1;4;1, 5
109;4;2;3;1, 5
109;4;3;2;1, 5
109;4;4;1;1, 5
109;4;5;4;1, 5
109;5;1;4;2, 3
109;5;2;1;2, 3
109;5;3;1;2, 3
109;5;4;3;2, 3
109;5;5;2;2, 3
109;6;1;4;2, 4
109;6;2;1;2, 4
109;6;3;3;2, 4
109;6;4;1;2, 4
109;6;5;2;2, 4
109;7;1;1;2, 5
109;7;2;2;2, 5
109;7;3;3;2, 5
109;7;4;4;2, 5
109;7;5;2;2, 5
109;8;1;3;3, 4
109;8;2;4;3, 4
109;8;3;2;3, 4
109;8;4;2;3, 4
109;8;5;1;3, 4
109;9;1;4;3, 5
109;9;2;2;3, 5
109;9;3;3;3, 5
109;9;4;1;3, 5
109;9;5;3;3, 5
109;10;1;1;4, 5
109;10;2;2;4, 5
109;10;3;3;4, 5
109;10;4;4;4, 5
109;10;5;4;4, 5
110;1;1;3;1, 2
110;1;2;3;1, 2
110;1;3;1;1, 2
110;1;4;4;1, 2
110;1;5;2;1, 2
110;2;1;4;1, 3
110;2;2;2;1, 3
110;2;3;4;1, 3
110;2;4;3;1, 3
110;2;5;1;1, 3
110;3;1;4;1, 4
110;3;2;1;1, 4
110;3;3;3;1, 4
110;3;4;4;1, 4
110;3;5;2;1, 4
110;4;1;1;1, 5
110;4;2;2;1, 5
110;4;3;3;1, 5
110;4;4;4;1, 5
110;4;5;1;1, 5
110;5;1;4;2, 3
110;5;2;2;2, 3
110;5;3;2;2, 3
110;5;4;1;2, 3
110;5;5;3;2, 3
110;6;1;1;2, 4
110;6;2;4;2, 4
110;6;3;3;2, 4
110;6;4;4;2, 4
110;6;5;2;2, 4
110;7;1;4;2, 5
110;7;2;2;2, 5
110;7;3;3;2, 5
110;7;4;1;2, 5
110;7;5;2;2, 5
110;8;1;1;3, 4
110;8;2;3;3, 4
110;8;3;2;3, 4
110;8;4;2;3, 4
110;8;5;4;3, 4
110;9;1;1;3, 5
110;9;2;3;3, 5
110;9;3;2;3, 5
110;9;4;4;3, 5
110;9;5;2;3, 5
110;10;1;4;4, 5
110;10;2;1;4, 5
110;10;3;3;4, 5
110;10;4;2;4, 5
110;10;5;2;4, 5
111;1;1;2;1, 2
111;1;2;2;1, 2
111;1;3;1;1, 2
111;1;4;3;1, 2
111;1;5;4;1, 2
111;2;1;1;1, 3
111;2;2;4;1, 3
111;2;3;1;1, 3
111;2;4;3;1, 3
111;2;5;2;1, 3
111;3;1;3;1, 4
111;3;2;2;1, 4
111;3;3;4;1, 4
111;3;4;3;1, 4
111;3;5;1;1, 4
111;4;1;4;1, 5
111;4;2;2;1, 5
111;4;3;3;1, 5
111;4;4;1;1, 5
111;4;5;4;1, 5
111;5;1;4;2, 3
111;5;2;2;2, 3
111;5;3;2;2, 3
111;5;4;1;2, 3
111;5;5;3;2, 3
111;6;1;3;2, 4
111;6;2;2;2, 4
111;6;3;1;2, 4
111;6;4;2;2, 4
111;6;5;4;2, 4
111;7;1;1;2, 5
111;7;2;3;2, 5
111;7;3;4;2, 5
111;7;4;2;2, 5
111;7;5;3;2, 5
111;8;1;1;3, 4
111;8;2;3;3, 4
111;8;3;2;3, 4
111;8;4;2;3, 4
111;8;5;4;3, 4
111;9;1;3;3, 5
111;9;2;2;3, 5
111;9;3;1;3, 5
111;9;4;4;3, 5
111;9;5;1;3, 5
111;10;1;4;4, 5
111;10;2;1;4, 5
111;10;3;2;4, 5
111;10;4;3;4, 5
111;10;5;3;4, 5
112;1;1;2;1, 2
112;1;2;2;1, 2
112;1;3;4;1, 2
112;1;4;3;1, 2
112;1;5;1;1, 2
112;2;1;2;1, 3
112;2;2;4;1, 3
112;2;3;2;1, 3
112;2;4;3;1, 3
112;2;5;1;1, 3
112;3;1;2;1, 4
112;3;2;3;1, 4
112;3;3;4;1, 4
112;3;4;2;1, 4
112;3;5;1;1, 4
112;4;1;1;1, 5
112;4;2;4;1, 5
112;4;3;2;1, 5
112;4;4;3;1, 5
112;4;5;1;1, 5
112;5;1;3;2, 3
112;5;2;2;2, 3
112;5;3;2;2, 3
112;5;4;1;2, 3
112;5;5;4;2, 3
112;6;1;2;2, 4
112;6;2;4;2, 4
112;6;3;1;2, 4
112;6;4;4;2, 4
112;6;5;3;2, 4
112;7;1;4;2, 5
112;7;2;1;2, 5
112;7;3;2;2, 5
112;7;4;3;2, 5
112;7;5;1;2, 5
112;8;1;3;3, 4
112;8;2;4;3, 4
112;8;3;1;3, 4
112;8;4;1;3, 4
112;8;5;2;3, 4
112;9;1;3;3, 5
112;9;2;1;3, 5
112;9;3;4;3, 5
112;9;4;2;3, 5
112;9;5;4;3, 5
112;10;1;2;4, 5
112;10;2;1;4, 5
112;10;3;3;4, 5
112;10;4;4;4, 5
112;10;5;4;4, 5
113;1;1;2;1, 2
113;1;2;2;1, 2
113;1;3;4;1, 2
113;1;4;3;1, 2
113;1;5;1;1, 2
113;2;1;1;1, 3
113;2;2;4;1, 3
113;2;3;1;1, 3
113;2;4;2;1, 3
113;2;5;3;1, 3
113;3;1;3;1, 4
113;3;2;2;1, 4
113;3;3;4;1, 4
113;3;4;3;1, 4
113;3;5;1;1, 4
113;4;1;2;1, 5
113;4;2;4;1, 5
113;4;3;1;1, 5
113;4;4;3;1, 5
113;4;5;2;1, 5
113;5;1;1;2, 3
113;5;2;4;2, 3
113;5;3;4;2, 3
113;5;4;2;2, 3
113;5;5;3;2, 3
113;6;1;3;2, 4
113;6;2;2;2, 4
113;6;3;4;2, 4
113;6;4;2;2, 4
113;6;5;1;2, 4
113;7;1;3;2, 5
113;7;2;1;2, 5
113;7;3;4;2, 5
113;7;4;2;2, 5
113;7;5;1;2, 5
113;8;1;1;3, 4
113;8;2;3;3, 4
113;8;3;2;3, 4
113;8;4;2;3, 4
113;8;5;4;3, 4
113;9;1;2;3, 5
113;9;2;4;3, 5
113;9;3;3;3, 5
113;9;4;1;3, 5
113;9;5;3;3, 5
113;10;1;2;4, 5
113;10;2;1;4, 5
113;10;3;4;4, 5
113;10;4;3;4, 5
113;10;5;3;4, 5
114;1;1;3;1, 2
114;1;2;3;1, 2
114;1;3;4;1, 2
114;1;4;1;1, 2
114;1;5;2;1, 2
114;2;1;2;1, 3
114;2;2;3;1, 3
114;2;3;2;1, 3
114;2;4;1;1, 3
114;2;5;4;1, 3
114;3;1;4;1, 4
114;3;2;1;1, 4
114;3;3;3;1, 4
114;3;4;4;1, 4
114;3;5;2;1, 4
114;4;1;3;1, 5
114;4;2;2;1, 5
114;4;3;4;1, 5
114;4;4;1;1, 5
114;4;5;3;1, 5
114;5;1;3;2, 3
114;5;2;1;2, 3
114;5;3;1;2, 3
114;5;4;2;2, 3
114;5;5;4;2, 3
114;6;1;4;2, 4
114;6;2;3;2, 4
114;6;3;2;2, 4
114;6;4;3;2, 4
114;6;5;1;2, 4
114;7;1;2;2, 5
114;7;2;3;2, 5
114;7;3;4;2, 5
114;7;4;1;2, 5
114;7;5;3;2, 5
114;8;1;2;3, 4
114;8;2;4;3, 4
114;8;3;1;3, 4
114;8;4;1;3, 4
114;8;5;3;3, 4
114;9;1;2;3, 5
114;9;2;3;3, 5
114;9;3;4;3, 5
114;9;4;1;3, 5
114;9;5;4;3, 5
114;10;1;3;4, 5
114;10;2;2;4, 5
114;10;3;1;4, 5
114;10;4;4;4, 5
114;10;5;4;4, 5
115;1;1;2;1, 2
115;1;2;2;1, 2
115;1;3;4;1, 2
115;1;4;3;1, 2
115;1;5;1;1, 2
115;2;1;2;1, 3
115;2;2;3;1, 3
115;2;3;2;1, 3
115;2;4;4;1, 3
115;2;5;1;1, 3
115;3;1;4;1, 4
115;3;2;1;1, 4
115;3;3;2;1, 4
115;3;4;4;1, 4
115;3;5;3;1, 4
115;4;1;3;1, 5
115;4;2;1;1, 5
115;4;3;2;1, 5
115;4;4;4;1, 5
115;4;5;3;1, 5
115;5;1;2;2, 3
115;5;2;4;2, 3
115;5;3;4;2, 3
115;5;4;3;2, 3
115;5;5;1;2, 3
115;6;1;4;2, 4
115;6;2;3;2, 4
115;6;3;2;2, 4
115;6;4;3;2, 4
115;6;5;1;2, 4
115;7;1;4;2, 5
115;7;2;1;2, 5
115;7;3;3;2, 5
115;7;4;2;2, 5
115;7;5;1;2, 5
115;8;1;3;3, 4
115;8;2;2;3, 4
115;8;3;1;3, 4
115;8;4;1;3, 4
115;8;5;4;3, 4
115;9;1;2;3, 5
115;9;2;4;3, 5
115;9;3;3;3, 5
115;9;4;1;3, 5
115;9;5;3;3, 5
115;10;1;2;4, 5
115;10;2;4;4, 5
115;10;3;3;4, 5
115;10;4;1;4, 5
115;10;5;1;4, 5
116;1;1;1;1, 2
116;1;2;1;1, 2
116;1;3;2;1, 2
116;1;4;3;1, 2
116;1;5;4;1, 2
116;2;1;3;1, 3
116;2;2;2;1, 3
116;2;3;3;1, 3
116;2;4;1;1, 3
116;2;5;4;1, 3
116;3;1;3;1, 4
116;3;2;1;1, 4
116;3;3;2;1, 4
116;3;4;3;1, 4
116;3;5;4;1, 4
116;4;1;3;1, 5
116;4;2;2;1, 5
116;4;3;4;1, 5
116;4;4;1;1, 5
116;4;5;3;1, 5
116;5;1;4;2, 3
116;5;2;2;2, 3
116;5;3;2;2, 3
116;5;4;1;2, 3
116;5;5;3;2, 3
116;6;1;3;2, 4
116;6;2;4;2, 4
116;6;3;2;2, 4
116;6;4;4;2, 4
116;6;5;1;2, 4
116;7;1;2;2, 5
116;7;2;1;2, 5
116;7;3;3;2, 5
116;7;4;4;2, 5
116;7;5;1;2, 5
116;8;1;4;3, 4
116;8;2;1;3, 4
116;8;3;2;3, 4
116;8;4;2;3, 4
116;8;5;3;3, 4
116;9;1;4;3, 5
116;9;2;3;3, 5
116;9;3;2;3, 5
116;9;4;1;3, 5
116;9;5;2;3, 5
116;10;1;1;4, 5
116;10;2;2;4, 5
116;10;3;4;4, 5
116;10;4;3;4, 5
116;10;5;3;4, 5
117;1;1;2;1, 2
117;1;2;2;1, 2
117;1;3;3;1, 2
117;1;4;1;1, 2
117;1;5;4;1, 2
117;2;1;4;1, 3
117;2;2;3;1, 3
117;2;3;4;1, 3
117;2;4;1;1, 3
117;2;5;2;1, 3
117;3;1;1;1, 4
117;3;2;4;1, 4
117;3;3;2;1, 4
117;3;4;1;1, 4
117;3;5;3;1, 4
117;4;1;2;1, 5
117;4;2;4;1, 5
117;4;3;3;1, 5
117;4;4;1;1, 5
117;4;5;2;1, 5
117;5;1;3;2, 3
117;5;2;1;2, 3
117;5;3;1;2, 3
117;5;4;4;2, 3
117;5;5;2;2, 3
117;6;1;4;2, 4
117;6;2;2;2, 4
117;6;3;3;2, 4
117;6;4;2;2, 4
117;6;5;1;2, 4
117;7;1;4;2, 5
117;7;2;1;2, 5
117;7;3;2;2, 5
117;7;4;3;2, 5
117;7;5;1;2, 5
117;8;1;2;3, 4
117;8;2;1;3, 4
117;8;3;4;3, 4
117;8;4;4;3, 4
117;8;5;3;3, 4
117;9;1;3;3, 5
117;9;2;4;3, 5
117;9;3;2;3, 5
117;9;4;1;3, 5
117;9;5;2;3, 5
117;10;1;3;4, 5
117;10;2;4;4, 5
117;10;3;1;4, 5
117;10;4;2;4, 5
117;10;5;2;4, 5
118;1;1;2;1, 2
118;1;2;2;1, 2
118;1;3;3;1, 2
118;1;4;1;1, 2
118;1;5;4;1, 2
118;2;1;2;1, 3
118;2;2;3;1, 3
118;2;3;2;1, 3
118;2;4;4;1, 3
118;2;5;1;1, 3
118;3;1;2;1, 4
118;3;2;1;1, 4
118;3;3;3;1, 4
118;3;4;2;1, 4
118;3;5;4;1, 4
118;4;1;2;1, 5
118;4;2;4;1, 5
118;4;3;1;1, 5
118;4;4;3;1, 5
118;4;5;2;1, 5
118;5;1;2;2, 3
118;5;2;1;2, 3
118;5;3;1;2, 3
118;5;4;4;2, 3
118;5;5;3;2, 3
118;6;1;1;2, 4
118;6;2;2;2, 4
118;6;3;4;2, 4
118;6;4;2;2, 4
118;6;5;3;2, 4
118;7;1;4;2, 5
118;7;2;3;2, 5
118;7;3;2;2, 5
118;7;4;1;2, 5
118;7;5;3;2, 5
118;8;1;1;3, 4
118;8;2;4;3, 4
118;8;3;3;3, 4
118;8;4;3;3, 4
118;8;5;2;3, 4
118;9;1;4;3, 5
118;9;2;2;3, 5
118;9;3;3;3, 5
118;9;4;1;3, 5
118;9;5;3;3, 5
118;10;1;3;4, 5
118;10;2;4;4, 5
118;10;3;1;4, 5
118;10;4;2;4, 5
118;10;5;2;4, 5
119;1;1;1;1, 2
119;1;2;1;1, 2
119;1;3;4;1, 2
119;1;4;2;1, 2
119;1;5;3;1, 2
119;2;1;4;1, 3
119;2;2;2;1, 3
119;2;3;4;1, 3
119;2;4;3;1, 3
119;2;5;1;1, 3
119;3;1;4;1, 4
119;3;2;1;1, 4
119;3;3;3;1, 4
119;3;4;4;1, 4
119;3;5;2;1, 4
119;4;1;1;1, 5
119;4;2;4;1, 5
119;4;3;2;1, 5
119;4;4;3;1, 5
119;4;5;1;1, 5
119;5;1;1;2, 3
119;5;2;4;2, 3
119;5;3;4;2, 3
119;5;4;3;2, 3
119;5;5;2;2, 3
119;6;1;4;2, 4
119;6;2;3;2, 4
119;6;3;1;2, 4
119;6;4;3;2, 4
119;6;5;2;2, 4
119;7;1;3;2, 5
119;7;2;2;2, 5
119;7;3;4;2, 5
119;7;4;1;2, 5
119;7;5;2;2, 5
119;8;1;2;3, 4
119;8;2;4;3, 4
119;8;3;3;3, 4
119;8;4;3;3, 4
119;8;5;1;3, 4
119;9;1;4;3, 5
119;9;2;2;3, 5
119;9;3;3;3, 5
119;9;4;1;3, 5
119;9;5;3;3, 5
119;10;1;3;4, 5
119;10;2;2;4, 5
119;10;3;4;4, 5
119;10;4;1;4, 5
119;10;5;1;4, 5
120;1;1;1;1, 2
120;1;2;1;1, 2
120;1;3;2;1, 2
120;1;4;3;1, 2
120;1;5;4;1, 2
120;2;1;1;1, 3
120;2;2;3;1, 3
120;2;3;1;1, 3
120;2;4;2;1, 3
120;2;5;4;1, 3
120;3;1;2;1, 4
120;3;2;3;1, 4
120;3;3;4;1, 4
120;3;4;2;1, 4
120;3;5;1;1, 4
120;4;1;1;1, 5
120;4;2;2;1, 5
120;4;3;4;1, 5
120;4;4;3;1, 5
120;4;5;1;1, 5
120;5;1;4;2, 3
120;5;2;2;2, 3
120;5;3;2;2, 3
120;5;4;3;2, 3
120;5;5;1;2, 3
120;6;1;3;2, 4
120;6;2;1;2, 4
120;6;3;4;2, 4
120;6;4;1;2, 4
120;6;5;2;2, 4
120;7;1;3;2, 5
120;7;2;1;2, 5
120;7;3;2;2, 5
120;7;4;4;2, 5
120;7;5;1;2, 5
120;8;1;1;3, 4
120;8;2;4;3, 4
120;8;3;2;3, 4
120;8;4;2;3, 4
120;8;5;3;3, 4
120;9;1;3;3, 5
120;9;2;4;3, 5
120;9;3;1;3, 5
120;9;4;2;3, 5
120;9;5;1;3, 5
120;10;1;3;4, 5
120;10;2;2;4, 5
120;10;3;4;4, 5
120;10;4;1;4, 5
120;10;5;1;4, 5
121;1;1;3;1, 2
121;1;2;3;1, 2
121;1;3;2;1, 2
121;1;4;4;1, 2
121;1;5;1;1, 2
121;2;1;2;1, 3
121;2;2;4;1, 3
121;2;3;2;1, 3
121;2;4;3;1, 3
121;2;5;1;1, 3
121;3;1;1;1, 4
121;3;2;2;1, 4
121;3;3;3;1, 4
121;3;4;1;1, 4
121;3;5;4;1, 4
121;4;1;1;1, 5
121;4;2;3;1, 5
121;4;3;4;1, 5
121;4;4;2;1, 5
121;4;5;1;1, 5
121;5;1;1;2, 3
121;5;2;4;2, 3
121;5;3;4;2, 3
121;5;4;2;2, 3
121;5;5;3;2, 3
121;6;1;3;2, 4
121;6;2;1;2, 4
121;6;3;2;2, 4
121;6;4;1;2, 4
121;6;5;4;2, 4
121;7;1;3;2, 5
121;7;2;2;2, 5
121;7;3;1;2, 5
121;7;4;4;2, 5
121;7;5;2;2, 5
121;8;1;1;3, 4
121;8;2;3;3, 4
121;8;3;2;3, 4
121;8;4;2;3, 4
121;8;5;4;3, 4
121;9;1;4;3, 5
121;9;2;1;3, 5
121;9;3;3;3, 5
121;9;4;2;3, 5
121;9;5;3;3, 5
121;10;1;2;4, 5
121;10;2;1;4, 5
121;10;3;4;4, 5
121;10;4;3;4, 5
121;10;5;3;4, 5
122;1;1;2;1, 2
122;1;2;2;1, 2
122;1;3;1;1, 2
122;1;4;4;1, 2
122;1;5;3;1, 2
122;2;1;4;1, 3
122;2;2;2;1, 3
122;2;3;4;1, 3
122;2;4;3;1, 3
122;2;5;1;1, 3
122;3;1;2;1, 4
122;3;2;4;1, 4
122;3;3;1;1, 4
122;3;4;2;1, 4
122;3;5;3;1, 4
122;4;1;3;1, 5
122;4;2;4;1, 5
122;4;3;2;1, 5
122;4;4;1;1, 5
122;4;5;3;1, 5
122;5;1;3;2, 3
122;5;2;1;2, 3
122;5;3;1;2, 3
122;5;4;2;2, 3
122;5;5;4;2, 3
122;6;1;1;2, 4
122;6;2;2;2, 4
122;6;3;3;2, 4
122;6;4;2;2, 4
122;6;5;4;2, 4
122;7;1;4;2, 5
122;7;2;1;2, 5
122;7;3;2;2, 5
122;7;4;3;2, 5
122;7;5;1;2, 5
122;8;1;1;3, 4
122;8;2;2;3, 4
122;8;3;4;3, 4
122;8;4;4;3, 4
122;8;5;3;3, 4
122;9;1;4;3, 5
122;9;2;1;3, 5
122;9;3;2;3, 5
122;9;4;3;3, 5
122;9;5;2;3, 5
122;10;1;3;4, 5
122;10;2;4;4, 5
122;10;3;1;4, 5
122;10;4;2;4, 5
122;10;5;2;4, 5
123;1;1;2;1, 2
123;1;2;2;1, 2
123;1;3;1;1, 2
123;1;4;4;1, 2
123;1;5;3;1, 2
123;2;1;4;1, 3
123;2;2;1;1, 3
123;2;3;4;1, 3
123;2;4;3;1, 3
123;2;5;2;1, 3
123;3;1;4;1, 4
123;3;2;3;1, 4
123;3;3;2;1, 4
123;3;4;4;1, 4
123;3;5;1;1, 4
123;4;1;4;1, 5
123;4;2;1;1, 5
123;4;3;2;1, 5
123;4;4;3;1, 5
123;4;5;4;1, 5
123;5;1;4;2, 3
123;5;2;2;2, 3
123;5;3;2;2, 3
123;5;4;1;2, 3
123;5;5;3;2, 3
123;6;1;1;2, 4
123;6;2;4;2, 4
123;6;3;3;2, 4
123;6;4;4;2, 4
123;6;5;2;2, 4
123;7;1;4;2, 5
123;7;2;3;2, 5
123;7;3;1;2, 5
123;7;4;2;2, 5
123;7;5;3;2, 5
123;8;1;1;3, 4
123;8;2;3;3, 4
123;8;3;4;3, 4
123;8;4;4;3, 4
123;8;5;2;3, 4
123;9;1;1;3, 5
123;9;2;4;3, 5
123;9;3;2;3, 5
123;9;4;3;3, 5
123;9;5;2;3, 5
123;10;1;1;4, 5
123;10;2;2;4, 5
123;10;3;4;4, 5
123;10;4;3;4, 5
123;10;5;3;4, 5
124;1;1;3;1, 2
124;1;2;3;1, 2
124;1;3;2;1, 2
124;1;4;4;1, 2
124;1;5;1;1, 2
124;2;1;3;1, 3
124;2;2;2;1, 3
124;2;3;3;1, 3
124;2;4;4;1, 3
124;2;5;1;1, 3
124;3;1;2;1, 4
124;3;2;3;1, 4
124;3;3;4;1, 4
124;3;4;2;1, 4
124;3;5;1;1, 4
124;4;1;3;1, 5
124;4;2;1;1, 5
124;4;3;2;1, 5
124;4;4;4;1, 5
124;4;5;3;1, 5
124;5;1;1;2, 3
124;5;2;3;2, 3
124;5;3;3;2, 3
124;5;4;4;2, 3
124;5;5;2;2, 3
124;6;1;1;2, 4
124;6;2;2;2, 4
124;6;3;4;2, 4
124;6;4;2;2, 4
124;6;5;3;2, 4
124;7;1;3;2, 5
124;7;2;4;2, 5
124;7;3;1;2, 5
124;7;4;2;2, 5
124;7;5;4;2, 5
124;8;1;3;3, 4
124;8;2;2;3, 4
124;8;3;1;3, 4
124;8;4;1;3, 4
124;8;5;4;3, 4
124;9;1;2;3, 5
124;9;2;3;3, 5
124;9;3;1;3, 5
124;9;4;4;3, 5
124;9;5;1;3, 5
124;10;1;2;4, 5
124;10;2;4;4, 5
124;10;3;1;4, 5
124;10;4;3;4, 5
124;10;5;3;4, 5
125;1;1;4;1, 2
125;1;2;4;1, 2
125;1;3;1;1, 2
125;1;4;3;1, 2
125;1;5;2;1, 2
125;2;1;3;1, 3
125;2;2;4;1, 3
125;2;3;3;1, 3
125;2;4;2;1, 3
125;2;5;1;1, 3
125;3;1;3;1, 4
125;3;2;4;1, 4
125;3;3;1;1, 4
125;3;4;3;1, 4
125;3;5;2;1, 4
125;4;1;3;1, 5
125;4;2;4;1, 5
125;4;3;1;1, 5
125;4;4;2;1, 5
125;4;5;3;1, 5
125;5;1;2;2, 3
125;5;2;3;2, 3
125;5;3;3;2, 3
125;5;4;4;2, 3
125;5;5;1;2, 3
125;6;1;1;2, 4
125;6;2;2;2, 4
125;6;3;4;2, 4
125;6;4;2;2, 4
125;6;5;3;2, 4
125;7;1;1;2, 5
125;7;2;2;2, 5
125;7;3;3;2, 5
125;7;4;4;2, 5
125;7;5;2;2, 5
125;8;1;2;3, 4
125;8;2;3;3, 4
125;8;3;1;3, 4
125;8;4;1;3, 4
125;8;5;4;3, 4
125;9;1;1;3, 5
125;9;2;3;3, 5
125;9;3;4;3, 5
125;9;4;2;3, 5
125;9;5;4;3, 5
125;10;1;4;4, 5
125;10;2;2;4, 5
125;10;3;1;4, 5
125;10;4;3;4, 5
125;10;5;3;4, 5
126;1;1;1;1, 2
126;1;2;1;1, 2
126;1;3;4;1, 2
126;1;4;2;1, 2
126;1;5;3;1, 2
126;2;1;2;1, 3
126;2;2;4;1, 3
126;2;3;2;1, 3
126;2;4;3;1, 3
126;2;5;1;1, 3
126;3;1;4;1, 4
126;3;2;1;1, 4
126;3;3;3;1, 4
126;3;4;4;1, 4
126;3;5;2;1, 4
126;4;1;1;1, 5
126;4;2;4;1, 5
126;4;3;2;1, 5
126;4;4;3;1, 5
126;4;5;1;1, 5
126;5;1;1;2, 3
126;5;2;2;2, 3
126;5;3;2;2, 3
126;5;4;4;2, 3
126;5;5;3;2, 3
126;6;1;3;2, 4
126;6;2;4;2, 4
126;6;3;1;2, 4
126;6;4;4;2, 4
126;6;5;2;2, 4
126;7;1;1;2, 5
126;7;2;4;2, 5
126;7;3;2;2, 5
126;7;4;3;2, 5
126;7;5;4;2, 5
126;8;1;4;3, 4
126;8;2;2;3, 4
126;8;3;1;3, 4
126;8;4;1;3, 4
126;8;5;3;3, 4
126;9;1;2;3, 5
126;9;2;1;3, 5
126;9;3;4;3, 5
126;9;4;3;3, 5
126;9;5;4;3, 5
126;10;1;3;4, 5
126;10;2;2;4, 5
126;10;3;4;4, 5
126;10;4;1;4, 5
126;10;5;1;4, 5
127;1;1;4;1, 2
127;1;2;4;1, 2
127;1;3;1;1, 2
127;1;4;3;1, 2
127;1;5;2;1, 2
127;2;1;2;1, 3
127;2;2;1;1, 3
127;2;3;2;1, 3
127;2;4;4;1, 3
127;2;5;3;1, 3
127;3;1;2;1, 4
127;3;2;3;1, 4
127;3;3;1;1, 4
127;3;4;2;1, 4
127;3;5;4;1, 4
127;4;1;1;1, 5
127;4;2;2;1, 5
127;4;3;3;1, 5
127;4;4;4;1, 5
127;4;5;1;1, 5
127;5;1;2;2, 3
127;5;2;1;2, 3
127;5;3;1;2, 3
127;5;4;3;2, 3
127;5;5;4;2, 3
127;6;1;2;2, 4
127;6;2;4;2, 4
127;6;3;1;2, 4
127;6;4;4;2, 4
127;6;5;3;2, 4
127;7;1;2;2, 5
127;7;2;3;2, 5
127;7;3;4;2, 5
127;7;4;1;2, 5
127;7;5;3;2, 5
127;8;1;4;3, 4
127;8;2;2;3, 4
127;8;3;1;3, 4
127;8;4;1;3, 4
127;8;5;3;3, 4
127;9;1;1;3, 5
127;9;2;4;3, 5
127;9;3;3;3, 5
127;9;4;2;3, 5
127;9;5;3;3, 5
127;10;1;2;4, 5
127;10;2;3;4, 5
127;10;3;1;4, 5
127;10;4;4;4, 5
127;10;5;4;4, 5
128;1;1;4;1, 2
128;1;2;4;1, 2
128;1;3;2;1, 2
128;1;4;1;1, 2
128;1;5;3;1, 2
128;2;1;3;1, 3
128;2;2;2;1, 3
128;2;3;3;1, 3
128;2;4;1;1, 3
128;2;5;4;1, 3
128;3;1;3;1, 4
128;3;2;4;1, 4
128;3;3;1;1, 4
128;3;4;3;1, 4
128;3;5;2;1, 4
128;4;1;2;1, 5
128;4;2;3;1, 5
128;4;3;4;1, 5
128;4;4;1;1, 5
128;4;5;2;1, 5
128;5;1;2;2, 3
128;5;2;3;2, 3
128;5;3;3;2, 3
128;5;4;1;2, 3
128;5;5;4;2, 3
128;6;1;2;2, 4
128;6;2;1;2, 4
128;6;3;4;2, 4
128;6;4;1;2, 4
128;6;5;3;2, 4
128;7;1;4;2, 5
128;7;2;3;2, 5
128;7;3;2;2, 5
128;7;4;1;2, 5
128;7;5;3;2, 5
128;8;1;3;3, 4
128;8;2;2;3, 4
128;8;3;1;3, 4
128;8;4;1;3, 4
128;8;5;4;3, 4
128;9;1;1;3, 5
128;9;2;4;3, 5
128;9;3;2;3, 5
128;9;4;3;3, 5
128;9;5;2;3, 5
128;10;1;3;4, 5
128;10;2;1;4, 5
128;10;3;4;4, 5
128;10;4;2;4, 5
128;10;5;2;4, 5
129;1;1;1;1, 2
129;1;2;1;1, 2
129;1;3;3;1, 2
129;1;4;4;1, 2
129;1;5;2;1, 2
129;2;1;1;1, 3
129;2;2;3;1, 3
129;2;3;1;1, 3
129;2;4;2;1, 3
129;2;5;4;1, 3
129;3;1;1;1, 4
129;3;2;4;1, 4
129;3;3;3;1, 4
129;3;4;1;1, 4
129;3;5;2;1, 4
129;4;1;3;1, 5
129;4;2;2;1, 5
129;4;3;4;1, 5
129;4;4;1;1, 5
129;4;5;3;1, 5
129;5;1;3;2, 3
129;5;2;2;2, 3
129;5;3;2;2, 3
129;5;4;4;2, 3
129;5;5;1;2, 3
129;6;1;3;2, 4
129;6;2;1;2, 4
129;6;3;2;2, 4
129;6;4;1;2, 4
129;6;5;4;2, 4
129;7;1;2;2, 5
129;7;2;4;2, 5
129;7;3;1;2, 5
129;7;4;3;2, 5
129;7;5;4;2, 5
129;8;1;3;3, 4
129;8;2;4;3, 4
129;8;3;2;3, 4
129;8;4;2;3, 4
129;8;5;1;3, 4
129;9;1;1;3, 5
129;9;2;2;3, 5
129;9;3;4;3, 5
129;9;4;3;3, 5
129;9;5;4;3, 5
129;10;1;4;4, 5
129;10;2;2;4, 5
129;10;3;3;4, 5
129;10;4;1;4, 5
129;10;5;1;4, 5
130;1;1;4;1, 2
130;1;2;4;1, 2
130;1;3;1;1, 2
130;1;4;3;1, 2
130;1;5;2;1, 2
130;2;1;4;1, 3
130;2;2;1;1, 3
130;2;3;4;1, 3
130;2;4;3;1, 3
130;2;5;2;1, 3
130;3;1;3;1, 4
130;3;2;2;1, 4
130;3;3;4;1, 4
130;3;4;3;1, 4
130;3;5;1;1, 4
130;4;1;2;1, 5
130;4;2;4;1, 5
130;4;3;3;1, 5
130;4;4;1;1, 5
130;4;5;2;1, 5
130;5;1;1;2, 3
130;5;2;2;2, 3
130;5;3;2;2, 3
130;5;4;3;2, 3
130;5;5;4;2, 3
130;6;1;1;2, 4
130;6;2;4;2, 4
130;6;3;3;2, 4
130;6;4;4;2, 4
130;6;5;2;2, 4
130;7;1;4;2, 5
130;7;2;3;2, 5
130;7;3;2;2, 5
130;7;4;1;2, 5
130;7;5;3;2, 5
130;8;1;3;3, 4
130;8;2;1;3, 4
130;8;3;4;3, 4
130;8;4;4;3, 4
130;8;5;2;3, 4
130;9;1;4;3, 5
130;9;2;1;3, 5
130;9;3;3;3, 5
130;9;4;2;3, 5
130;9;5;3;3, 5
130;10;1;3;4, 5
130;10;2;4;4, 5
130;10;3;1;4, 5
130;10;4;2;4, 5
130;10;5;2;4, 5
